platform,query,rank,url,title,snippet,publisher,views,likes,comments,published_at,raw_text
youtube,smart fan,1,https://www.youtube.com/watch?v=bRW2z6D96OU,Atomberg BLDC Ceiling Fan üí∏ This Fan Saves ‚Çπ1500/year!  Atomberg Renesa Halo #Shorts,Atomberg Renesa 1200mm ‚Äì Smartest Fan in India? BLDC + Voice Control #Shorts Looking for a stylish and ...,Lovepreet Singh,311617,2537.0,19,2025-05-11T08:30:15Z,Atomberg BLDC Ceiling Fan üí∏ This Fan Saves ‚Çπ1500/year!  Atomberg Renesa Halo #Shorts Atomberg Renesa 1200mm ‚Äì Smartest Fan in India? BLDC + Voice Control #Shorts Looking for a stylish and ...
youtube,smart fan,2,https://www.youtube.com/watch?v=MQES_LprVeY,Ceiling Fan with Lights &amp; Remote ‚Äì Stylish &amp; Functional Home Upgrade!,Ceiling Fan with Lights & Remote ‚Äì Stylish & Functional Home Upgrade! #CeilingFan #FanWithLight #HomeDecor #SmartHome ...,QC Store,2050849,8629.0,118,2025-03-29T16:00:24Z,Ceiling Fan with Lights &amp; Remote ‚Äì Stylish &amp; Functional Home Upgrade! Ceiling Fan with Lights & Remote ‚Äì Stylish & Functional Home Upgrade! #CeilingFan #FanWithLight #HomeDecor #SmartHome ...
youtube,smart fan,3,https://www.youtube.com/watch?v=g3uJjG1zxd0,Atomberg Renesa smart fan #shorts #youtubeshorts #smartgadgets #homeimprovement #amazonfinds,Atomberg Renesa smart fan #shorts #youtubeshorts #smartgadgets #homeimprovement #amazonfinds #flipkart #atomberg ...,Quirk Art for Home by Stuti,1399493,5152.0,27,2024-07-26T04:32:41Z,Atomberg Renesa smart fan #shorts #youtubeshorts #smartgadgets #homeimprovement #amazonfinds Atomberg Renesa smart fan #shorts #youtubeshorts #smartgadgets #homeimprovement #amazonfinds #flipkart #atomberg ...
youtube,smart fan,4,https://www.youtube.com/watch?v=eUqNCj2T55I,Atomberg renesa smart plus 1200 mm ceiling fan pearl white unboxing #atomberg #atombergfan #renesa,,Gtfuturetechnology,485888,2500.0,35,2024-09-15T08:00:02Z,Atomberg renesa smart plus 1200 mm ceiling fan pearl white unboxing #atomberg #atombergfan #renesa 
youtube,smart fan,5,https://www.youtube.com/watch?v=auGsGYXFisg,Ceiling fan üò© atomberg studio smart plus fan #fan #fansound #shorts #shortsvideo #viralvideo,Ceiling fan atomberg studio smart plus fan #fan #fansound #shorts #shortsvideo #viralvideo.,Utpad Unbox,1047719,4916.0,29,2024-08-14T03:25:52Z,Ceiling fan üò© atomberg studio smart plus fan #fan #fansound #shorts #shortsvideo #viralvideo Ceiling fan atomberg studio smart plus fan #fan #fansound #shorts #shortsvideo #viralvideo.
youtube,smart fan,6,https://www.youtube.com/watch?v=u_kxhHjHln0,Atomberg Renesa 1400mm,Atomberg Renesa 1400mm mrp 3850 on atomberg website.,AMARDEEP Toor,3290904,31118.0,385,2022-05-04T17:45:33Z,Atomberg Renesa 1400mm Atomberg Renesa 1400mm mrp 3850 on atomberg website.
youtube,smart fan,7,https://www.youtube.com/watch?v=M51FK8wEg0k,Atomberg Renesa BLDC smart ceiling fan app control kaise kare. #shorts #youtubeshorts,Atomberg renesa bldc smart ceiling fan ka app control kaise kare dekhiye.,Amazing Technique Gyan,359160,2161.0,88,2024-04-02T13:44:17Z,Atomberg Renesa BLDC smart ceiling fan app control kaise kare. #shorts #youtubeshorts Atomberg renesa bldc smart ceiling fan ka app control kaise kare dekhiye.
youtube,smart fan,8,https://www.youtube.com/watch?v=nVPNjae59-s,Atomberg Rensa Plus BLDC Fan #gadgetshorts  #shorts,Atomberg Rensa Plus BLDC Fan #gadgetshorts #shorts atomberg Renesa+ 1200mm BLDC Motor 5 Star Rated Ceiling Fans for ...,Utpad Unbox,2505562,22621.0,196,2023-03-23T06:16:22Z,Atomberg Rensa Plus BLDC Fan #gadgetshorts  #shorts Atomberg Rensa Plus BLDC Fan #gadgetshorts #shorts atomberg Renesa+ 1200mm BLDC Motor 5 Star Rated Ceiling Fans for ...
youtube,smart fan,9,https://www.youtube.com/watch?v=GREPB0Jf8fI,Spider Farmer GGS Controller + 6‚Äô‚Äô Fan &amp; Carbon Filter | Full Setup Guide,"Welcome back, everyone! In this episode, we take airflow and control to the next level with a complete Spider Farmer GGS ...",Dog Doctor Official,217,16.0,11,2025-08-31T20:45:06Z,"Spider Farmer GGS Controller + 6‚Äô‚Äô Fan &amp; Carbon Filter | Full Setup Guide Welcome back, everyone! In this episode, we take airflow and control to the next level with a complete Spider Farmer GGS ..."
youtube,smart fan,10,https://www.youtube.com/watch?v=bQbKhXIE9V0,Atomberg BLDC Ceiling fan Sleep Mode Use #atombergfan #renesa  #bldcfan Atomberg Fan remote function,Atomberg BLDC Ceiling fan Sleep Mode Use #atombergfan #renesa #bldcfan Atomberg Fan remote function Atomberg BLDC fan ...,Lighting Adda,339823,1118.0,12,2025-02-07T06:30:45Z,Atomberg BLDC Ceiling fan Sleep Mode Use #atombergfan #renesa  #bldcfan Atomberg Fan remote function Atomberg BLDC Ceiling fan Sleep Mode Use #atombergfan #renesa #bldcfan Atomberg Fan remote function Atomberg BLDC fan ...
youtube,smart fan,11,https://www.youtube.com/watch?v=3wkfkBYNnzU,Modern Ceiling Fan | Bladeless ceiling fan SMART CEILLING FAN with light #viralshort #ceilingfan,Buy now:- üõçÔ∏è    :- https://amzn.to/46WWVKj :- https://amzn.to/4fEaAIx Modern Ceiling Fan SMART CEILLING ...,Smart Home ,151055,,22,2025-04-27T07:50:39Z,Modern Ceiling Fan | Bladeless ceiling fan SMART CEILLING FAN with light #viralshort #ceilingfan Buy now:- üõçÔ∏è    :- https://amzn.to/46WWVKj :- https://amzn.to/4fEaAIx Modern Ceiling Fan SMART CEILLING ...
youtube,smart fan,12,https://www.youtube.com/watch?v=VynLdhM_A4A,You NEED This Smart Fan to Beat the Summer Heat ü•µü™≠ Dreo Pedestal Fan,,This is Tech Today,185163,2460.0,52,2024-06-07T15:39:23Z,You NEED This Smart Fan to Beat the Summer Heat ü•µü™≠ Dreo Pedestal Fan 
youtube,smart fan,13,https://www.youtube.com/watch?v=DOoxq7oQRqg,#electrician how to assemble ceiling fan #atomberg Renesa 1200mm  Star Rated Sleek Ceiling Fans,electrician how to assemble ceiling fan #atomberg Renesa 1200mm BLDC Motor 5 Star Rated Sleek Ceiling Fans #electrician ...,K.S electrical ,603371,,12,2023-10-10T04:10:06Z,#electrician how to assemble ceiling fan #atomberg Renesa 1200mm  Star Rated Sleek Ceiling Fans electrician how to assemble ceiling fan #atomberg Renesa 1200mm BLDC Motor 5 Star Rated Sleek Ceiling Fans #electrician ...
youtube,smart fan,14,https://www.youtube.com/watch?v=fOPTEScGGHI,Unleash the Turbowind power with TurboPoly‚Ñ¢ Fan 508S! #dreo #smartphone #homecomfort #tech,,DREO,24660,154.0,5,2025-06-13T22:00:43Z,Unleash the Turbowind power with TurboPoly‚Ñ¢ Fan 508S! #dreo #smartphone #homecomfort #tech 
youtube,smart fan,15,https://www.youtube.com/watch?v=dunp92Exhqg,Best BLDC Smart Fan For Home | Atomberg Renesa Plus BLDC FAN with Remote Control..,Best BLDC Smart Fan For Home | Atomberg Renesa Plus BLDC FAN with Remote Control.. #smartfan #atomberg #remoteconteol ...,AJAY light Experiment ,302844,2163.0,34,2024-08-23T16:26:54Z,Best BLDC Smart Fan For Home | Atomberg Renesa Plus BLDC FAN with Remote Control.. Best BLDC Smart Fan For Home | Atomberg Renesa Plus BLDC FAN with Remote Control.. #smartfan #atomberg #remoteconteol ...
youtube,smart fan,16,https://www.youtube.com/watch?v=XY-mLcbkiIY,Atomberg Renesa Helo Smart Bldc Fan ‚ùÑÔ∏èüå™Ô∏è #fan #shorts #atomberg #smart #bldc,Atomberg Renesa Helo Smart Bldc Fan ‚ùÑÔ∏èüå™Ô∏è #fan #shorts #atomberg #smart #bldc.,Travel with Sajal,16263,92.0,3,2025-05-07T02:03:02Z,Atomberg Renesa Helo Smart Bldc Fan ‚ùÑÔ∏èüå™Ô∏è #fan #shorts #atomberg #smart #bldc Atomberg Renesa Helo Smart Bldc Fan ‚ùÑÔ∏èüå™Ô∏è #fan #shorts #atomberg #smart #bldc.
youtube,smart fan,17,https://www.youtube.com/watch?v=QizuF228Iiw,Atomberg BLDC Ceiling fan Renesa Halo fan SLEEP MODE USE  #Renesahalobldcfan #atombergbldcfan,Atomberg BLDC Ceiling fan Renesa Halo fan SLEEP MODE USE #Renesahalobldcfan #atombergbldcfan #renesafannewmodel ...,TechnicaL KishoR,18458,67.0,1,2025-05-31T14:27:12Z,Atomberg BLDC Ceiling fan Renesa Halo fan SLEEP MODE USE  #Renesahalobldcfan #atombergbldcfan Atomberg BLDC Ceiling fan Renesa Halo fan SLEEP MODE USE #Renesahalobldcfan #atombergbldcfan #renesafannewmodel ...
youtube,smart fan,18,https://www.youtube.com/watch?v=EqbYfPfdXHQ,How to reset Atomberg Fan . Atomberg renesa smart plus #atomberg #shorts #atombergfan #smartgadgets,,TrueTips,231826,1438.0,103,2023-10-25T08:14:11Z,How to reset Atomberg Fan . Atomberg renesa smart plus #atomberg #shorts #atombergfan #smartgadgets 
youtube,smart fan,19,https://www.youtube.com/watch?v=Ycj6LWtT_Nw,AHAWILL ceiling fan with light Remote Control Pairing Method.,"Within 5 seconds after power on, press the ""PAIR CODE"" button on the remote control, the light blinks three times to indicate ...",Âé¶Èó®ÈôÖÊñ∞,6463,14.0,3,2023-07-26T05:54:15Z,"AHAWILL ceiling fan with light Remote Control Pairing Method. Within 5 seconds after power on, press the ""PAIR CODE"" button on the remote control, the light blinks three times to indicate ..."
youtube,smart fan,20,https://www.youtube.com/watch?v=VIeK7Bq-hnM,Best BLDC Ceiling Fan in India 2025 | Best BLDC Fan Under 4000,"best bldc fan under 4000 , best bldc fan under 3500 , best 5 star ceiling fans in India , best bldc ceiling fan in India 2025 Search ...",SumitYPF,45100,237.0,45,2025-06-10T05:00:29Z,"Best BLDC Ceiling Fan in India 2025 | Best BLDC Fan Under 4000 best bldc fan under 4000 , best bldc fan under 3500 , best 5 star ceiling fans in India , best bldc ceiling fan in India 2025 Search ..."
youtube,smart fan,21,https://www.youtube.com/watch?v=3tfd_RVWtFE,8 Blades BLDC Fan | K√ºhl Platin D8 Review üòä,"K√ºhl latest designer ceiling fan with BLDC technology is setting the trend for fancy under light ceiling fans with 8 blades, low noise ...",Sumit Jaiswal - PRONIX,576191,5249.0,67,2023-06-08T14:27:12Z,"8 Blades BLDC Fan | K√ºhl Platin D8 Review üòä K√ºhl latest designer ceiling fan with BLDC technology is setting the trend for fancy under light ceiling fans with 8 blades, low noise ..."
youtube,smart fan,22,https://www.youtube.com/watch?v=v9VUaj72YQc,Orient remote celling fan LED light off on üî• #orient #remote #fans #led #trending #shortsfeed,Orient remote celling fan LED light off on #orient #remote #fans #led #trending #shortsfeed.,Debraj Maiti,184923,949.0,30,2025-02-05T16:15:05Z,Orient remote celling fan LED light off on üî• #orient #remote #fans #led #trending #shortsfeed Orient remote celling fan LED light off on #orient #remote #fans #led #trending #shortsfeed.
youtube,smart fan,23,https://www.youtube.com/watch?v=t-Uh64L9irY,Atomberg Renesa Prime Remote 5 Star 1200 3 Blade Ceiling Fan (BLDC Motor with Remote | #fans #shorts,,VOLG 999,61200,215.0,2,2025-07-22T04:46:01Z,Atomberg Renesa Prime Remote 5 Star 1200 3 Blade Ceiling Fan (BLDC Motor with Remote | #fans #shorts 
youtube,smart fan,24,https://www.youtube.com/watch?v=_if_OGdWB_Q,$500 #dyson Pure Cool Fan vs. $60 #govee Tower Fan,Is the $500 Dyson Fan + Purifier really worth it over a $60 Govee WiFi enabled smart fan if you just want a fan you can schedule ...,6 Months Later,247838,4807.0,85,2023-06-23T14:00:21Z,$500 #dyson Pure Cool Fan vs. $60 #govee Tower Fan Is the $500 Dyson Fan + Purifier really worth it over a $60 Govee WiFi enabled smart fan if you just want a fan you can schedule ...
youtube,smart fan,25,https://www.youtube.com/watch?v=0aU5FtkCEcc,Smart fan controller with mobile controller,,SHIVA ELECTRICIAN WORKS,204419,853.0,24,2023-05-04T05:14:14Z,Smart fan controller with mobile controller 
youtube,smart fan,26,https://www.youtube.com/watch?v=ifhNiEKE9u8,BLDC Smart Fan üí• Atomberg Studio Smart Plus Fan #shortsvideo #shorts #smartfan,BLDC Smart Fan Atomberg Studio Smart Plus Fan #shortsvideo #shorts #smartfan #atomberg #studiosmartplus #bldcfan ...,Utpad Unbox,20143,132.0,1,2024-03-20T04:25:17Z,BLDC Smart Fan üí• Atomberg Studio Smart Plus Fan #shortsvideo #shorts #smartfan BLDC Smart Fan Atomberg Studio Smart Plus Fan #shortsvideo #shorts #smartfan #atomberg #studiosmartplus #bldcfan ...
youtube,smart fan,27,https://www.youtube.com/watch?v=o9s0JyxNelU,Havells BLDC fan remote pairing #viral #bldcfan #shortsfeed #remote,,Tech Indra innovative & experiment,506995,2886.0,22,2023-10-30T15:11:21Z,Havells BLDC fan remote pairing #viral #bldcfan #shortsfeed #remote 
youtube,smart fan,28,https://www.youtube.com/watch?v=X_DAR5U5NdA,Airbrick Register Booster Fan ceiling installation. Smart Fan with Remote. Fits 4‚Äù x 10‚Äù Registers.,"Thinking about installing the Airbrick register booster fan on the ceiling? In general, we don't recommend it due to varying ceiling ...",AIRBRICK,20498,82.0,0,2024-06-25T11:00:27Z,"Airbrick Register Booster Fan ceiling installation. Smart Fan with Remote. Fits 4‚Äù x 10‚Äù Registers. Thinking about installing the Airbrick register booster fan on the ceiling? In general, we don't recommend it due to varying ceiling ..."
youtube,smart fan,29,https://www.youtube.com/watch?v=hdDels9Z5ww,Atomberg Renesa 1200mm BLDC Motor 5 Star | Ceiling fan Installation #electricalelectricianwireman,bldcfan #smartfan #electricalelectricianwireman #google Atomberg Renesa 1200mm BLDC Motor 5 Star | Atomberg Ceiling fan ...,Electrical Electrician Wireman,1647468,26107.0,240,2023-07-29T04:30:25Z,Atomberg Renesa 1200mm BLDC Motor 5 Star | Ceiling fan Installation #electricalelectricianwireman bldcfan #smartfan #electricalelectricianwireman #google Atomberg Renesa 1200mm BLDC Motor 5 Star | Atomberg Ceiling fan ...
youtube,smart fan,30,https://www.youtube.com/watch?v=fy4dJlZMlac,BLDC CEILING FAN #havells 1200MM,, ELECTRIC WORK,557005,2158.0,39,2025-03-06T17:25:07Z,BLDC CEILING FAN #havells 1200MM 
youtube,smart fan,31,https://www.youtube.com/watch?v=YG75g6duhNQ,2024 New Bladeless Fan Light2024 new bladeless fan light #interiordesign #lampfactory,, aleadhomelightings,261356,1938.0,28,2024-04-23T02:09:43Z,2024 New Bladeless Fan Light2024 new bladeless fan light #interiordesign #lampfactory 
youtube,smart fan,32,https://www.youtube.com/watch?v=Cig43n-kSBA,Review - Xiaomi Smart Tower Fan,"I mean, it's a stand fan - but comes packed with a lot of different features too. Visit http://nasilemaktech.com/ for more news and ...",NL Tech,188330,1936.0,20,2023-01-17T04:00:06Z,"Review - Xiaomi Smart Tower Fan I mean, it's a stand fan - but comes packed with a lot of different features too. Visit http://nasilemaktech.com/ for more news and ..."
youtube,smart fan,33,https://www.youtube.com/watch?v=VOrnBVxSDvQ,Smart Ceiling Fan ü§î #fansound #fan #shortvideo #shorts #viralvideo,Smart Ceiling Fan #fansound #fan #shortvideo #shorts #viralvideo.,Triangle Gamer,2843614,9918.0,18,2024-11-07T05:04:06Z,Smart Ceiling Fan ü§î #fansound #fan #shortvideo #shorts #viralvideo Smart Ceiling Fan #fansound #fan #shortvideo #shorts #viralvideo.
youtube,smart fan,34,https://www.youtube.com/watch?v=VQpdtszVEBk,Dreo smart fan,,Teofilmvisuals,16646,149.0,2,2024-07-11T13:51:53Z,Dreo smart fan 
youtube,smart fan,35,https://www.youtube.com/watch?v=Kk9jXCx4-Gw,Dreo Smart Pedestal Fan DR HAF003S: Features and Review #shorts,Discover the exceptional features and functionality of the Dreo Smart Pedestal Fan with Remote (Model DR HAF003S) in this ...,Vacuum Chef,92241,685.0,20,2023-10-16T22:22:58Z,Dreo Smart Pedestal Fan DR HAF003S: Features and Review #shorts Discover the exceptional features and functionality of the Dreo Smart Pedestal Fan with Remote (Model DR HAF003S) in this ...
youtube,smart fan,36,https://www.youtube.com/watch?v=LI-6Lap5Nv8,"The newly developed bladeless ceiling fan light can be switched when the light is turned on,","The newly developed bladeless ceiling fan light can be switched when the light is turned on, can rotate and turn, and has strong ...",VhopeL light,141306,1170.0,38,2024-05-18T04:05:02Z,"The newly developed bladeless ceiling fan light can be switched when the light is turned on, The newly developed bladeless ceiling fan light can be switched when the light is turned on, can rotate and turn, and has strong ..."
youtube,smart fan,37,https://www.youtube.com/watch?v=sesi0gqneTM,LED Ceiling Fan Lamp With Remote Control ü™© #fanlamp #lamp #fanlight #shorts #shortvideo #ledlamps,LED Ceiling Fan Lamp With Remote Control #fanlamp #lamp #fanlight #shorts #shortvideo #ledlamps #ledlights #tracklight ...,TokTak Gadget,668621,3009.0,13,2025-04-03T12:55:52Z,LED Ceiling Fan Lamp With Remote Control ü™© #fanlamp #lamp #fanlight #shorts #shortvideo #ledlamps LED Ceiling Fan Lamp With Remote Control #fanlamp #lamp #fanlight #shorts #shortvideo #ledlamps #ledlights #tracklight ...
youtube,smart fan,38,https://www.youtube.com/watch?v=BWMkRyticDY,‚ÄúSmart. Minimal. Powerful.‚Äù‚Äî A fan that listens to you,Not your average ceiling light. This minimalist white ceiling fan light pairs clean design with premium blades that deliver a ...,Parrotuncle,4305,28.0,0,2025-08-25T05:30:05Z,‚ÄúSmart. Minimal. Powerful.‚Äù‚Äî A fan that listens to you Not your average ceiling light. This minimalist white ceiling fan light pairs clean design with premium blades that deliver a ...
youtube,smart fan,39,https://www.youtube.com/watch?v=vbkkxwkJPvs,Dreo Fan Review  #dreo  #fan  #shorts,Must have fan for the summer! Link to the fan: ...,Shantel De Bonsu,98438,954.0,52,2024-08-16T11:01:05Z,Dreo Fan Review  #dreo  #fan  #shorts Must have fan for the summer! Link to the fan: ...
youtube,smart fan,40,https://www.youtube.com/watch?v=SwRKYEhK8dI,Best BLDC Ceiling Fan In 2025‚ö°Top 3 BLDC Fan 2025 in India Atomberg Renesa Enzel BLDC Fan,atomberg renesa enzel review atomberg renesa enzel 1200mm atomberg renesa enzel 1200mm review atomberg renesa enzel ...,Gadgets Munch,393490,2104.0,93,2025-04-10T08:51:16Z,Best BLDC Ceiling Fan In 2025‚ö°Top 3 BLDC Fan 2025 in India Atomberg Renesa Enzel BLDC Fan atomberg renesa enzel review atomberg renesa enzel 1200mm atomberg renesa enzel 1200mm review atomberg renesa enzel ...
youtube,smart fan,41,https://www.youtube.com/watch?v=_B_G_H5YpxM,Atomberg bldc fan installation / bldc ceiling fan installation / atomberg ceiling fan fitting #home,Here's a suggested YouTube video title and description for a video on installing an Atomberg BLDC ceiling fan: --- Title: How to ...,Anand Tech solutions,2324316,24618.0,139,2025-06-05T07:14:17Z,Atomberg bldc fan installation / bldc ceiling fan installation / atomberg ceiling fan fitting #home Here's a suggested YouTube video title and description for a video on installing an Atomberg BLDC ceiling fan: --- Title: How to ...
youtube,smart fan,42,https://www.youtube.com/watch?v=-j7uxC8Yg94,Smart Fan #fan #atomberg #wifi #air #shorts #short #homedecor #home #homeappliances #smart #gadgets,,Breakless Unboxing,6335,41.0,0,2024-10-07T15:15:13Z,Smart Fan #fan #atomberg #wifi #air #shorts #short #homedecor #home #homeappliances #smart #gadgets 
youtube,smart fan,43,https://www.youtube.com/watch?v=RTLhnfY4Y4Y,30watt I Inverter Fan I Ceiling Fan I Remote Control,Low Power Consumption FAN Excellent Performance even on Low Voltage Noiseless Operation Built-In Smart Controller Strong ...,Technology Updates,125045,564.0,6,2025-05-30T09:30:43Z,30watt I Inverter Fan I Ceiling Fan I Remote Control Low Power Consumption FAN Excellent Performance even on Low Voltage Noiseless Operation Built-In Smart Controller Strong ...
youtube,smart fan,44,https://www.youtube.com/watch?v=AV2MTJUCizM,Dreo Smart Fan DR HAF004S: Intelligent Cooling Unveiled #shorts,Discover smart cooling with the Dreo Smart Fan Silver Large DR HAF004S in our latest review. This sleek and efficient fan offers ...,Vacuum Chef,8830,118.0,2,2023-11-01T00:47:38Z,Dreo Smart Fan DR HAF004S: Intelligent Cooling Unveiled #shorts Discover smart cooling with the Dreo Smart Fan Silver Large DR HAF004S in our latest review. This sleek and efficient fan offers ...
youtube,smart fan,45,https://www.youtube.com/watch?v=QGFYUCxOPAs,Installing my new Smart Fan | Atomberg Renesa Smart +,"Installing my new Smart Fan | Atomberg Renesa Smart + Hey guys! In this video, I'm going to show you how I installed the ...",Tech Features Life,646170,8847.0,85,2023-04-21T18:24:15Z,"Installing my new Smart Fan | Atomberg Renesa Smart + Installing my new Smart Fan | Atomberg Renesa Smart + Hey guys! In this video, I'm going to show you how I installed the ..."
youtube,smart fan,46,https://www.youtube.com/watch?v=nmdHhYfZrcI,REVIEW | Xiaomi Smart Standing Fan 2 Pro ‚Äì Our greatest fan,"The @XiaomiSouthAfrica Smart Standing Fan 2 Pro is a prime example of a smart fan, combining a portability (thanks, battery), ...",Stuff SA,7639,22.0,0,2025-03-25T14:01:01Z,"REVIEW | Xiaomi Smart Standing Fan 2 Pro ‚Äì Our greatest fan The @XiaomiSouthAfrica Smart Standing Fan 2 Pro is a prime example of a smart fan, combining a portability (thanks, battery), ..."
youtube,smart fan,47,https://www.youtube.com/watch?v=YZWlaVhP0Jo,Stay cool in summer with Xiaomi Mi Smart Fan 2 Lite #smarthome #smarthomegadgets #xiaomi #techshorts,Xiaomi mi smart standing fan 2 lite ‚Üí Follow me for more: Instagram ‚Äî https://go.andi.yt/instagram Twitter ...,Andi Palmer,21444,201.0,4,2023-06-12T09:31:00Z,Stay cool in summer with Xiaomi Mi Smart Fan 2 Lite #smarthome #smarthomegadgets #xiaomi #techshorts Xiaomi mi smart standing fan 2 lite ‚Üí Follow me for more: Instagram ‚Äî https://go.andi.yt/instagram Twitter ...
youtube,smart fan,48,https://www.youtube.com/watch?v=Qvalle4BBz0,Fast Fan Installation with HunterExpress¬Æ from Hunter #home #ceilingfan #diy #ceilingfaninstallation,The Georgetown is one of the easiest fans to install! This quick video shows you just how easy it is! Learn more about ...,Hunter Fan Company,687617,5398.0,64,2023-02-01T23:00:28Z,Fast Fan Installation with HunterExpress¬Æ from Hunter #home #ceilingfan #diy #ceilingfaninstallation The Georgetown is one of the easiest fans to install! This quick video shows you just how easy it is! Learn more about ...
youtube,smart fan,49,https://www.youtube.com/watch?v=oh5ag0PXEds,Smart Register | Howeall Super Quiet Register Booster Fan,CHECK OUT TODAY'S PRICE ON AMAZON: ‚ñª‚ñª‚ñª https://geni.us/8P0gsK DISCLAIMER: Some of these links are affiliate links ...,Skinner's 100% Honest Reviews,27982,97.0,39,2023-06-02T15:00:48Z,Smart Register | Howeall Super Quiet Register Booster Fan CHECK OUT TODAY'S PRICE ON AMAZON: ‚ñª‚ñª‚ñª https://geni.us/8P0gsK DISCLAIMER: Some of these links are affiliate links ...
youtube,smart fan,50,https://www.youtube.com/watch?v=MA3PvitcP2E,How to install a Crompton Blossom smart fan. #how #howto #reinventyourhome,,Interior Designer Vipin Verma,6110,54.0,3,2025-05-05T05:37:39Z,How to install a Crompton Blossom smart fan. #how #howto #reinventyourhome 
youtube,smart fan,51,https://www.youtube.com/watch?v=NDKD-B_i3mg,Best Ceiling Fans 2025 | BLDC Fans,Mega comparison of over 50 BLDC Ceiling Fans. *Amazon buying links below*   All top recommended ceiling fans ...,The Grapevine,190426,1961.0,168,2025-03-15T05:30:08Z,Best Ceiling Fans 2025 | BLDC Fans Mega comparison of over 50 BLDC Ceiling Fans. *Amazon buying links below*   All top recommended ceiling fans ...
youtube,smart fan,52,https://www.youtube.com/watch?v=r274qMfUG4U,Is the #1 Best-Selling Amazon Fan Worth It? Dreo 508s vs 513s vs 512 Review,"The Dreo Fans are the #1 Best Seller Fans on Amazon, but is it actually worth your money? In this in-depth review, I test three of ...",The French Glow,3506,56.0,7,2025-07-31T11:36:54Z,"Is the #1 Best-Selling Amazon Fan Worth It? Dreo 508s vs 513s vs 512 Review The Dreo Fans are the #1 Best Seller Fans on Amazon, but is it actually worth your money? In this in-depth review, I test three of ..."
youtube,smart fan,53,https://www.youtube.com/watch?v=K83g-9gkox0,I Tested 3 Smart Fans.. Here&#39;s What I learnt,"I replaced 3 smart fans at home with haiku-I from big ass fan, oasis pro from prism+ and cyclone RS from point one. Sharing what I ...",Alex Teo,27641,337.0,120,2024-12-15T03:00:19Z,"I Tested 3 Smart Fans.. Here&#39;s What I learnt I replaced 3 smart fans at home with haiku-I from big ass fan, oasis pro from prism+ and cyclone RS from point one. Sharing what I ..."
youtube,smart fan,54,https://www.youtube.com/watch?v=QAYhWY270MM,Watch Before you Buy A New Best BLDC Fan in 2024,Free Call Consultation: https://bit.ly/SumitYPFConsult Important Videos     ‚ñ∑ Ceiling Fan Playlist  : https://bit.ly/EtaFan OR ...,SumitYPF,138815,1287.0,16,2024-01-25T08:40:08Z,Watch Before you Buy A New Best BLDC Fan in 2024 Free Call Consultation: https://bit.ly/SumitYPFConsult Important Videos     ‚ñ∑ Ceiling Fan Playlist  : https://bit.ly/EtaFan OR ...
youtube,smart fan,55,https://www.youtube.com/watch?v=X0CYpRoq_1M,Dreo PolyFan Showdown: 513S vs 704S vs 715S | Best Smart Tower Fan 2025?,"Looking for the best smart tower fan in 2025? In this video, I compare the Dreo PolyFan 513S, 704S, and 715S‚Äîthree of Dreo's ...",Travel Hustle,30823,496.0,80,2025-04-16T01:21:43Z,"Dreo PolyFan Showdown: 513S vs 704S vs 715S | Best Smart Tower Fan 2025? Looking for the best smart tower fan in 2025? In this video, I compare the Dreo PolyFan 513S, 704S, and 715S‚Äîthree of Dreo's ..."
youtube,smart fan,56,https://www.youtube.com/watch?v=h3XewbmZ_0I,I Can&#39;t Live Without These Now - Dreo Smart Fans,I am blown away. You will be too. These smart fans from Dreo have actual smart features you'll use and will love and they're very ...,Automate Your Life,126601,1594.0,271,2023-07-22T14:00:29Z,I Can&#39;t Live Without These Now - Dreo Smart Fans I am blown away. You will be too. These smart fans from Dreo have actual smart features you'll use and will love and they're very ...
youtube,smart fan,57,https://www.youtube.com/watch?v=dS0oFmzU06g,$649 Dyson Fan vs. $15 Walmart Fan: The Hard Truth,"When I was young, I was a little obsessed with how cool Dyson fans were. But are they actually worth that amount of money?",Mark Spurrell,11658081,276480.0,292,2021-04-18T15:00:29Z,"$649 Dyson Fan vs. $15 Walmart Fan: The Hard Truth When I was young, I was a little obsessed with how cool Dyson fans were. But are they actually worth that amount of money?"
youtube,smart fan,58,https://www.youtube.com/watch?v=EORIkYyM5KQ,Smart Ceiling Fan ü§î #fansound‚Äã #fan‚Äã #shortvideo‚Äã #shorts‚Äã #viralvideo‚Äã,Smart Ceiling Fan #fansound #fan #shortvideo #shorts #viralvideo.,Asad vlog,111207,381.0,0,2025-08-15T16:20:47Z,Smart Ceiling Fan ü§î #fansound‚Äã #fan‚Äã #shortvideo‚Äã #shorts‚Äã #viralvideo‚Äã Smart Ceiling Fan #fansound #fan #shortvideo #shorts #viralvideo.
youtube,smart fan,59,https://www.youtube.com/watch?v=aMvhCsDRsho,Cas√©ta Smart Fan Speed Control Install Video,Simple installation video for Cas√©ta by Lutron Smart Fan Speed Control and instructions to pair with a Fan Pico remote.,Lutron Electronics,37413,116.0,15,2019-03-06T18:24:00Z,Cas√©ta Smart Fan Speed Control Install Video Simple installation video for Cas√©ta by Lutron Smart Fan Speed Control and instructions to pair with a Fan Pico remote.
youtube,smart fan,60,https://www.youtube.com/watch?v=VSACi7O2Vs4,Variety Of All Smart Ceiling Fans!!!#ceilingfan #bldcceilingfan #smartfan #remotefan #electronic,Variety Of All Smart Ceiling Fans!!!#ceilingfan #bldcceilingfan #smartfan #remotefan #electronic #trendingshorts #viralshorts ...,The MH Interiors,682,8.0,1,2025-07-19T13:42:43Z,Variety Of All Smart Ceiling Fans!!!#ceilingfan #bldcceilingfan #smartfan #remotefan #electronic Variety Of All Smart Ceiling Fans!!!#ceilingfan #bldcceilingfan #smartfan #remotefan #electronic #trendingshorts #viralshorts ...
youtube,smart fan,61,https://www.youtube.com/watch?v=RgwhL2ev6I4,Atomberg Renesa Elite | Ceiling Fan | BLDC fan,"atomberg #BLDC #Smartfan Our most stylish evolution is here!   Our sleek, modern BLDC fans ...",Atomberg Technologies,5267,38.0,15,2025-04-24T05:30:12Z,"Atomberg Renesa Elite | Ceiling Fan | BLDC fan atomberg #BLDC #Smartfan Our most stylish evolution is here!   Our sleek, modern BLDC fans ..."
youtube,smart fan,62,https://www.youtube.com/watch?v=jcJAjYDVtAo,Atomberg Renesa Enzel 1200mm | Best BLDC Ceiling Fan with Remote Control #unboxing #trending #yt,"WHY CHOOSE ATOMBERG? As the pioneers of BLDC technology in India, Atomberg offers the largest range of BLDC fans to suit ...",Dheeraj Ka Dreamland,13879,98.0,7,2025-05-14T18:35:06Z,"Atomberg Renesa Enzel 1200mm | Best BLDC Ceiling Fan with Remote Control #unboxing #trending #yt WHY CHOOSE ATOMBERG? As the pioneers of BLDC technology in India, Atomberg offers the largest range of BLDC fans to suit ..."
youtube,smart fan,63,https://www.youtube.com/watch?v=a2h0_jd_XZ8,How to Install the Lumary Smart Ceiling Fan,"Upgrade your space with comfort, color, and convenience! In this video, we'll walk you through the installation process of the ...",Poor Man's DIY,384,9.0,6,2025-08-24T10:53:33Z,"How to Install the Lumary Smart Ceiling Fan Upgrade your space with comfort, color, and convenience! In this video, we'll walk you through the installation process of the ..."
youtube,smart fan,64,https://www.youtube.com/watch?v=E2lR-rPYF5k,DREO PolyFan 513S Review - I love this Smartfan (Works with Google and Alexa),"Aloha everyone, Quick review of the Dreo PolyFan 513S Smartfan - I love this so much I am buying a 2nd one! Affiliate Link: ...",Asian Geek Squad,12127,99.0,18,2024-02-12T12:00:08Z,"DREO PolyFan 513S Review - I love this Smartfan (Works with Google and Alexa) Aloha everyone, Quick review of the Dreo PolyFan 513S Smartfan - I love this so much I am buying a 2nd one! Affiliate Link: ..."
youtube,smart fan,65,https://www.youtube.com/watch?v=Cd_I5RJ49mc,usb led smart fan with lightü§îü§î #shorts #trending #best #electrical #usb fan #led light #fan light,usb led smart fan with light     #shorts #trending #best #electrical #usb fan #led light #fan light.,Ars electricals,21781,256.0,2,2024-06-07T02:30:09Z,usb led smart fan with lightü§îü§î #shorts #trending #best #electrical #usb fan #led light #fan light usb led smart fan with light     #shorts #trending #best #electrical #usb fan #led light #fan light.
youtube,smart fan,66,https://www.youtube.com/watch?v=4VwHpSxkTqY,2 Steps to Know If a Register Booster Fan Will Work for You ü•µ #HomeCooling #SmartHome,Trying to fix uneven temperatures in your home? These 2 simple checks will tell you if a register booster fan is the right solution ...,CK Finds ‚Äì Shop Smart. Love What You Buy.,4501,29.0,2,2025-06-24T20:54:20Z,2 Steps to Know If a Register Booster Fan Will Work for You ü•µ #HomeCooling #SmartHome Trying to fix uneven temperatures in your home? These 2 simple checks will tell you if a register booster fan is the right solution ...
youtube,smart fan,67,https://www.youtube.com/watch?v=IbTuwG4n7cA,FanLamp Pro App Pair Guide,App pair guide.,smart home,455070,1673.0,223,2023-08-14T04:03:59Z,FanLamp Pro App Pair Guide App pair guide.
youtube,smart fan,68,https://www.youtube.com/watch?v=itDF8QVUfpg,Why my new smart fan was worth the hassle,The Hunter Aerodyne 52 inch smart fan makes adding a smart fan to your home about half the cost of other options. But is it better ...,Eric Welander,26086,494.0,62,2023-02-11T13:00:26Z,Why my new smart fan was worth the hassle The Hunter Aerodyne 52 inch smart fan makes adding a smart fan to your home about half the cost of other options. But is it better ...
youtube,smart fan,69,https://www.youtube.com/watch?v=QlapLPOGPLA,Smart BLDC Ceiling Fan Designed in India Atomberg Ikano 1200mm Remote contr | Upto 65% Energy Saving,Smart BLDC Ceiling Fan Designed in India Atomberg Ikano 1200mm Remote contr | Upto 65% Energy Saving #shorts ...,TECHNO FRIEND AND REALITY,88877,922.0,32,2023-05-15T10:54:40Z,Smart BLDC Ceiling Fan Designed in India Atomberg Ikano 1200mm Remote contr | Upto 65% Energy Saving Smart BLDC Ceiling Fan Designed in India Atomberg Ikano 1200mm Remote contr | Upto 65% Energy Saving #shorts ...
youtube,smart fan,70,https://www.youtube.com/watch?v=OdR7_NUwPvA,Smart Rechargeable Table Fan. For details visit : sonysmart.com.bd,,SONY | SMART,2330,8.0,0,2025-08-18T09:50:00Z,Smart Rechargeable Table Fan. For details visit : sonysmart.com.bd 
youtube,smart fan,71,https://www.youtube.com/watch?v=Y7i5cxkcyBE,"blossom smart Crompton fan. iot enabled ,with colour changing underlight,2√ósilent fan",,Ratan Distributors ,31003,320.0,11,2023-07-13T11:28:00Z,"blossom smart Crompton fan. iot enabled ,with colour changing underlight,2√ósilent fan "
youtube,smart fan,72,https://www.youtube.com/watch?v=0aU5FtkCEcc,Smart fan controller with mobile controller,,SHIVA ELECTRICIAN WORKS,204419,853.0,24,2023-05-04T05:14:14Z,Smart fan controller with mobile controller 
youtube,smart fan,73,https://www.youtube.com/watch?v=29v8RvNi_Fc,Lumary C1 Smart Ceiling Fan with RGB Lights - How to Install a Low Profile Ceiling Fan,Lumary C1 Smart Ceiling Fan with RGB Lights - How to Install a Low Profile Ceiling Fan Product Links: Lumary C1 RGB Ceiling ...,TheRenderQ,1623,29.0,3,2025-05-31T10:00:03Z,Lumary C1 Smart Ceiling Fan with RGB Lights - How to Install a Low Profile Ceiling Fan Lumary C1 Smart Ceiling Fan with RGB Lights - How to Install a Low Profile Ceiling Fan Product Links: Lumary C1 RGB Ceiling ...
youtube,smart fan,74,https://www.youtube.com/watch?v=otWEd_DIeio,Modern LED Ceiling Light with Smart Fan  #interiordesign  #homedecor,Upgrade your home with this multifunctional LED ceiling light featuring an integrated smart fan for ultimate comfort. Designed with ...,Androf,8639,143.0,0,2025-02-26T12:41:30Z,Modern LED Ceiling Light with Smart Fan  #interiordesign  #homedecor Upgrade your home with this multifunctional LED ceiling light featuring an integrated smart fan for ultimate comfort. Designed with ...
youtube,smart fan,75,https://www.youtube.com/watch?v=dSOvzznmZJ4,Atomberg Renesa Smart Ceiling Fan || Smart Fan,Discover the future of home cooling with the Atomberg Renesa Smart Ceiling Fan! Key Features: - Smart Control: Operate ...,Atomberg Technologies,8390,14.0,6,2025-01-10T09:14:36Z,Atomberg Renesa Smart Ceiling Fan || Smart Fan Discover the future of home cooling with the Atomberg Renesa Smart Ceiling Fan! Key Features: - Smart Control: Operate ...
youtube,smart fan,76,https://www.youtube.com/watch?v=tlVWVyVP9Lg,Best BLDC Smart Fan to Buy in India 2025 | Atomberg Aris Contour Unboxing &amp; Review,"Looking for the best BLDC ceiling fan in India 2025? In this video, we unbox and review the Atomberg Aris Contour Smart BLDC ...",Vimal Chintapatla,65599,514.0,40,2025-02-17T10:34:30Z,"Best BLDC Smart Fan to Buy in India 2025 | Atomberg Aris Contour Unboxing &amp; Review Looking for the best BLDC ceiling fan in India 2025? In this video, we unbox and review the Atomberg Aris Contour Smart BLDC ..."
youtube,smart fan,77,https://www.youtube.com/watch?v=WCXTTCfIP0w,Hands-On: Lutron&#39;s Smart Fan Controller Works With Apple&#39;s HomeKit,Lutron is going to be the first to release a fan controller that integrates with Apple's HomeKit. AppleInsider goes hands on.,AppleInsider,10942,157.0,35,2019-01-07T15:25:50Z,Hands-On: Lutron&#39;s Smart Fan Controller Works With Apple&#39;s HomeKit Lutron is going to be the first to release a fan controller that integrates with Apple's HomeKit. AppleInsider goes hands on.
youtube,smart fan,78,https://www.youtube.com/watch?v=sCtdJJ1c1s0,SMART FAN OPTIONS TO BREEZE INTO THE FUTURE,"Smart Fans! With spring around the corner, it's the perfect time to consider adding smart ceiling fans to help circulate the air to ...",The Brad Lloyd,19957,373.0,38,2024-03-24T16:00:41Z,"SMART FAN OPTIONS TO BREEZE INTO THE FUTURE Smart Fans! With spring around the corner, it's the perfect time to consider adding smart ceiling fans to help circulate the air to ..."
youtube,smart fan,79,https://www.youtube.com/watch?v=whKJfLoneXU,Compact USB Fan 2025 | LED Time Display + Room Temp Sensor | China New Launch,"Introducing the 2025 Mini USB High-Speed Fan, newly launched from China. This compact yet powerful fan features a brushless ...",SR ELECTRONICS,34005,276.0,2,2025-05-14T18:39:48Z,"Compact USB Fan 2025 | LED Time Display + Room Temp Sensor | China New Launch Introducing the 2025 Mini USB High-Speed Fan, newly launched from China. This compact yet powerful fan features a brushless ..."
youtube,smart fan,80,https://www.youtube.com/watch?v=6G3GvIGteAs,Lutron Caseta Fan Control - installation and setup,"In this video, Chris shows how to install the Lutron Caseta Fan Control that replaces a normal wall switch to provide control of your ...",HandyDadTV,47535,430.0,63,2023-05-13T14:00:02Z,"Lutron Caseta Fan Control - installation and setup In this video, Chris shows how to install the Lutron Caseta Fan Control that replaces a normal wall switch to provide control of your ..."
youtube,smart fan,81,https://www.youtube.com/watch?v=062-tfptAcM,Are Bladeless Fans a Scam?,See the full video: Are Bladeless Fans a Scam? https://www.youtube.com/watch?v=ySSo5PmZZJM.,Action Lab Shorts,15543412,691073.0,10573,2024-10-23T17:39:03Z,Are Bladeless Fans a Scam? See the full video: Are Bladeless Fans a Scam? https://www.youtube.com/watch?v=ySSo5PmZZJM.
youtube,smart fan,82,https://www.youtube.com/watch?v=e4QG3g4EGxI,atomberg Renesa Halo ceiling fan fetting,,banjit das,17461,169.0,3,2025-06-17T08:02:59Z,atomberg Renesa Halo ceiling fan fetting 
youtube,smart fan,83,https://www.youtube.com/watch?v=QlmUYtn21Qk,polycab BLDC ceiling fan quick installation #bldcfan #ceilingfan,googlesearch #mpmallick #automobile #subscribemychannel #electronic #viralvideo #electrical #trendingvideo #lifehacks ...,MPmallick,245666,,0,2025-04-17T06:11:20Z,polycab BLDC ceiling fan quick installation #bldcfan #ceilingfan googlesearch #mpmallick #automobile #subscribemychannel #electronic #viralvideo #electrical #trendingvideo #lifehacks ...
youtube,smart fan,84,https://www.youtube.com/watch?v=dBAUbd0N0cI,Make Your Ceiling Fan (or Anything Else) SMART with THIS!,"Introducing the cutting-edge Aqara T2 Dual Relay Module, your gateway to effortless automation of a wide range of electronic ...",Shane Whatley,187384,3318.0,365,2023-10-08T14:00:31Z,"Make Your Ceiling Fan (or Anything Else) SMART with THIS! Introducing the cutting-edge Aqara T2 Dual Relay Module, your gateway to effortless automation of a wide range of electronic ..."
youtube,smart fan,85,https://www.youtube.com/watch?v=pt-GfyqUZLE,Duux Whisper Flex 2 Smart Fan Lifestyle Video,Experience the perfect blend of personal comfort and intelligent design with Whisper Flex 2 ‚Äì our most advanced fan yet. Whether ...,Duux,6944,9.0,9,2025-05-01T11:39:35Z,Duux Whisper Flex 2 Smart Fan Lifestyle Video Experience the perfect blend of personal comfort and intelligent design with Whisper Flex 2 ‚Äì our most advanced fan yet. Whether ...
youtube,smart fan,86,https://www.youtube.com/watch?v=UjrbAesViOk,CHANFOK Low-Profile Smart Ceiling Fan/Light - Unboxing &amp; First Impressions,Today we're unboxing and sharing our first impressions on our low-profile smart ceiling fan/light combo. CHANFOK Low-Profile ...,Need Want Buy,6669,27.0,2,2023-04-25T09:50:28Z,CHANFOK Low-Profile Smart Ceiling Fan/Light - Unboxing &amp; First Impressions Today we're unboxing and sharing our first impressions on our low-profile smart ceiling fan/light combo. CHANFOK Low-Profile ...
youtube,smart fan,87,https://www.youtube.com/watch?v=S3_zlx6MhFI,Atomberg Renesa Plus üî• | Smart Ceiling Fan | Built in Alexa and Remote control,"The Fan of the Future is here. Its smarter and also saves electricity Atomberg Renesa Plus with built-in alexa, remote control and ...",Tech Singh,27559,787.0,70,2021-08-10T14:34:49Z,"Atomberg Renesa Plus üî• | Smart Ceiling Fan | Built in Alexa and Remote control The Fan of the Future is here. Its smarter and also saves electricity Atomberg Renesa Plus with built-in alexa, remote control and ..."
youtube,smart fan,88,https://www.youtube.com/watch?v=Gwh6NWb-CxI,DeepCool MF120 Smart Fan Set,Special thanks to our sponsors for sending us to COMPUTEX 2017! AEROCOOL: https://www.aerocool.com.tw/en/ TEAMGROUP: ...,Greg Salazar,41839,1491.0,124,2017-06-01T04:19:33Z,DeepCool MF120 Smart Fan Set Special thanks to our sponsors for sending us to COMPUTEX 2017! AEROCOOL: https://www.aerocool.com.tw/en/ TEAMGROUP: ...
youtube,smart fan,89,https://www.youtube.com/watch?v=MeahwguP5Dg,A SMART Fan?! | DREO TurboPoly‚Ñ¢ Fan Review,"This fan really impressed me! GET ONE HERE! https://amzn.to/4iEaGj7 Use my discount code ""watt17"" for 17% off on the Dreo ...",WyattTech,5121,60.0,3,2025-05-17T13:00:44Z,"A SMART Fan?! | DREO TurboPoly‚Ñ¢ Fan Review This fan really impressed me! GET ONE HERE! https://amzn.to/4iEaGj7 Use my discount code ""watt17"" for 17% off on the Dreo ..."
youtube,smart fan,90,https://www.youtube.com/watch?v=NXenhXhCsKE,Atomberg Smart Fan Remote Control Review | How To Set Timer + Sleep Mode!,Do you want to set the timer and sleep mode on your Atomberg Fan remote? Here are the steps! ‚úì Atomberg Smart Fans: ...,DeviceBAR,66203,475.0,61,2024-07-14T14:46:59Z,Atomberg Smart Fan Remote Control Review | How To Set Timer + Sleep Mode! Do you want to set the timer and sleep mode on your Atomberg Fan remote? Here are the steps! ‚úì Atomberg Smart Fans: ...
youtube,smart fan,91,https://www.youtube.com/watch?v=TlBOdqwyujk,Crompton Energion Roverr BLDC Ceiling Fan fitting||How to install Bldc celling fan||black Matt|,Crompton Energion Roverr BLDC Ceiling Fan fitting||How to install Bldc celling fan||black Matt| ‚ö°     Sameer Electrician.,Sameer Electrician9021,17436,194.0,7,2023-11-17T18:33:23Z,Crompton Energion Roverr BLDC Ceiling Fan fitting||How to install Bldc celling fan||black Matt| Crompton Energion Roverr BLDC Ceiling Fan fitting||How to install Bldc celling fan||black Matt| ‚ö°     Sameer Electrician.
youtube,smart fan,92,https://www.youtube.com/watch?v=9_O1Ehcdbyo,Product Review! Dreo Smart Ceiling Fan,DREO CLF513S Smart Ceiling Fan: https://sponsr.is/dreo_ourrestorationnation use code [10NATION] for extra $10 off on DREO ...,Our Restoration Nation,5980,268.0,24,2024-05-16T02:29:09Z,Product Review! Dreo Smart Ceiling Fan DREO CLF513S Smart Ceiling Fan: https://sponsr.is/dreo_ourrestorationnation use code [10NATION] for extra $10 off on DREO ...
youtube,smart fan,93,https://www.youtube.com/watch?v=51BkaQLRbjg,Wi-Fi Smart fan from Atomberg Resena Smart+ unboxing #atomberg #smartfan #unboxing #fans,,D.R.V Goyal,508,2.0,0,2025-08-15T18:03:11Z,Wi-Fi Smart fan from Atomberg Resena Smart+ unboxing #atomberg #smartfan #unboxing #fans 
youtube,smart fan,94,https://www.youtube.com/watch?v=kKJ-sCdJF3g,DREO SMART FAN- #smartliving #fan #summeressentials #fans #subscribe,,Dilek Yildiz ,439,2.0,0,2025-06-20T14:38:28Z,DREO SMART FAN- #smartliving #fan #summeressentials #fans #subscribe 
youtube,smart fan,95,https://www.youtube.com/watch?v=s7E4RoX1gpY,Dreo TurboPoly 508S - The Most Advanced Smart Home Fan EVER?,Dreo Turbopoly 508S - https://stus.re/DreoTurboPoly508S Dreo Giveaway - https://stus.re/DreoGiveaway Today we take a look at ...,Stu‚Äôs Reviews,29228,774.0,42,2025-05-17T18:03:05Z,Dreo TurboPoly 508S - The Most Advanced Smart Home Fan EVER? Dreo Turbopoly 508S - https://stus.re/DreoTurboPoly508S Dreo Giveaway - https://stus.re/DreoGiveaway Today we take a look at ...
youtube,smart fan,96,https://www.youtube.com/watch?v=7IYNSIeDMLU,Turn Your Ceiling Fan Into a Smart Fan ‚Äì Here‚Äôs How!,Want to add your ceiling fan to your home automations? Well now you can with the Broadlink Smart Home Hub. PRODUCTS: ...,Steve DOES,29976,652.0,36,2022-03-19T14:40:28Z,Turn Your Ceiling Fan Into a Smart Fan ‚Äì Here‚Äôs How! Want to add your ceiling fan to your home automations? Well now you can with the Broadlink Smart Home Hub. PRODUCTS: ...
youtube,smart fan,97,https://www.youtube.com/watch?v=SRwx3F_N-jI,Transform Your Home With This Smart Ceiling Fan Installation,"In this video, I'm excited to share with you my experience with the Lumary Smart Ceiling Fan Installation, a game-changing ...",Miez Production,1387,15.0,3,2025-04-19T03:58:48Z,"Transform Your Home With This Smart Ceiling Fan Installation In this video, I'm excited to share with you my experience with the Lumary Smart Ceiling Fan Installation, a game-changing ..."
youtube,smart fan,98,https://www.youtube.com/watch?v=W8xtolhSUnE,Atomberg Aris Starlight Fan Review: Revolutionary Energy-Saving &amp; Smart Ceiling Fan!,AtombergAris #StarlightFan #BLDCFan #EnergySaver #SmartFan #HomeAppliances #CeilingFanReview #Atomberg In this ...,Anil's tec,6704,18.0,11,2024-08-18T10:42:58Z,Atomberg Aris Starlight Fan Review: Revolutionary Energy-Saving &amp; Smart Ceiling Fan! AtombergAris #StarlightFan #BLDCFan #EnergySaver #SmartFan #HomeAppliances #CeilingFanReview #Atomberg In this ...
youtube,smart fan,99,https://www.youtube.com/watch?v=x-hGuT5Gny0,Save upto 50% Electricity with this smart ceiling Aerosense BLDC Pro fan,Amazon Link: https://amzn.to/4j82wQP Website Link: http://bit.ly/3QRYkZj This is not just a regular ceiling fan! The Orient ...,Mr Techpedia,93992,3386.0,62,2025-04-03T13:01:33Z,Save upto 50% Electricity with this smart ceiling Aerosense BLDC Pro fan Amazon Link: https://amzn.to/4j82wQP Website Link: http://bit.ly/3QRYkZj This is not just a regular ceiling fan! The Orient ...
youtube,smart fan,100,https://www.youtube.com/watch?v=x86EZhUO-9o,[NEW] Best Premium Fan | Best Silent Ceiling Fan | with Best Smart Fan | Best BLDC Fan 2025,Are you on the lookout for a highly efficient BLDC fan that runs quietly and saves energy while also providing advanced features ...,SumitYPF,59661,430.0,58,2024-04-17T05:00:32Z,[NEW] Best Premium Fan | Best Silent Ceiling Fan | with Best Smart Fan | Best BLDC Fan 2025 Are you on the lookout for a highly efficient BLDC fan that runs quietly and saves energy while also providing advanced features ...
youtube,smart fan,101,https://www.youtube.com/watch?v=0a8l87McgCk,SMART ceiling fans?  game. changer. üôåüèæ,,Kayla Simone,125547,4100.0,54,2024-06-06T14:57:06Z,SMART ceiling fans?  game. changer. üôåüèæ 
youtube,smart fan,102,https://www.youtube.com/watch?v=sCtdJJ1c1s0,SMART FAN OPTIONS TO BREEZE INTO THE FUTURE,"Smart Fans! With spring around the corner, it's the perfect time to consider adding smart ceiling fans to help circulate the air to ...",The Brad Lloyd,19957,373.0,38,2024-03-24T16:00:41Z,"SMART FAN OPTIONS TO BREEZE INTO THE FUTURE Smart Fans! With spring around the corner, it's the perfect time to consider adding smart ceiling fans to help circulate the air to ..."
youtube,smart fan,103,https://www.youtube.com/watch?v=OdR7_NUwPvA,Smart Rechargeable Table Fan. For details visit : sonysmart.com.bd,,SONY | SMART,2330,8.0,0,2025-08-18T09:50:00Z,Smart Rechargeable Table Fan. For details visit : sonysmart.com.bd 
youtube,smart fan,104,https://www.youtube.com/watch?v=tlVWVyVP9Lg,Best BLDC Smart Fan to Buy in India 2025 | Atomberg Aris Contour Unboxing &amp; Review,"Looking for the best BLDC ceiling fan in India 2025? In this video, we unbox and review the Atomberg Aris Contour Smart BLDC ...",Vimal Chintapatla,65599,514.0,40,2025-02-17T10:34:30Z,"Best BLDC Smart Fan to Buy in India 2025 | Atomberg Aris Contour Unboxing &amp; Review Looking for the best BLDC ceiling fan in India 2025? In this video, we unbox and review the Atomberg Aris Contour Smart BLDC ..."
youtube,smart fan,105,https://www.youtube.com/watch?v=dxe-soiD3to,"Xiaomi Smart Standing Fan 2 - Quiet Smart, Quite Cool",Unpacking the coolest from the lineup of #XiaomiTurns8 surprises! The #XiaomiSmartStandingFan2 brings you: -Silent BLDC ...,Xiaomi India,81077,268.0,38,2022-07-26T12:00:24Z,"Xiaomi Smart Standing Fan 2 - Quiet Smart, Quite Cool Unpacking the coolest from the lineup of #XiaomiTurns8 surprises! The #XiaomiSmartStandingFan2 brings you: -Silent BLDC ..."
youtube,smart fan,106,https://www.youtube.com/watch?v=otWEd_DIeio,Modern LED Ceiling Light with Smart Fan  #interiordesign  #homedecor,Upgrade your home with this multifunctional LED ceiling light featuring an integrated smart fan for ultimate comfort. Designed with ...,Androf,8639,143.0,0,2025-02-26T12:41:30Z,Modern LED Ceiling Light with Smart Fan  #interiordesign  #homedecor Upgrade your home with this multifunctional LED ceiling light featuring an integrated smart fan for ultimate comfort. Designed with ...
youtube,smart fan,107,https://www.youtube.com/watch?v=IbTuwG4n7cA,FanLamp Pro App Pair Guide,App pair guide.,smart home,455070,1673.0,223,2023-08-14T04:03:59Z,FanLamp Pro App Pair Guide App pair guide.
youtube,smart fan,108,https://www.youtube.com/watch?v=UjrbAesViOk,CHANFOK Low-Profile Smart Ceiling Fan/Light - Unboxing &amp; First Impressions,Today we're unboxing and sharing our first impressions on our low-profile smart ceiling fan/light combo. CHANFOK Low-Profile ...,Need Want Buy,6669,27.0,2,2023-04-25T09:50:28Z,CHANFOK Low-Profile Smart Ceiling Fan/Light - Unboxing &amp; First Impressions Today we're unboxing and sharing our first impressions on our low-profile smart ceiling fan/light combo. CHANFOK Low-Profile ...
youtube,smart fan,109,https://www.youtube.com/watch?v=Gwh6NWb-CxI,DeepCool MF120 Smart Fan Set,Special thanks to our sponsors for sending us to COMPUTEX 2017! AEROCOOL: https://www.aerocool.com.tw/en/ TEAMGROUP: ...,Greg Salazar,41839,1491.0,124,2017-06-01T04:19:33Z,DeepCool MF120 Smart Fan Set Special thanks to our sponsors for sending us to COMPUTEX 2017! AEROCOOL: https://www.aerocool.com.tw/en/ TEAMGROUP: ...
youtube,smart fan,110,https://www.youtube.com/watch?v=s7E4RoX1gpY,Dreo TurboPoly 508S - The Most Advanced Smart Home Fan EVER?,Dreo Turbopoly 508S - https://stus.re/DreoTurboPoly508S Dreo Giveaway - https://stus.re/DreoGiveaway Today we take a look at ...,Stu‚Äôs Reviews,29228,774.0,42,2025-05-17T18:03:05Z,Dreo TurboPoly 508S - The Most Advanced Smart Home Fan EVER? Dreo Turbopoly 508S - https://stus.re/DreoTurboPoly508S Dreo Giveaway - https://stus.re/DreoGiveaway Today we take a look at ...
youtube,smart fan,111,https://www.youtube.com/watch?v=NXenhXhCsKE,Atomberg Smart Fan Remote Control Review | How To Set Timer + Sleep Mode!,Do you want to set the timer and sleep mode on your Atomberg Fan remote? Here are the steps! ‚úì Atomberg Smart Fans: ...,DeviceBAR,66203,475.0,61,2024-07-14T14:46:59Z,Atomberg Smart Fan Remote Control Review | How To Set Timer + Sleep Mode! Do you want to set the timer and sleep mode on your Atomberg Fan remote? Here are the steps! ‚úì Atomberg Smart Fans: ...
youtube,smart fan,112,https://www.youtube.com/watch?v=I8wq_0BucUg,POLYCAB SMART FAN #REMOTE CONTROLLER FAN,POLYCAB SMART FAN #REMOTE CONTROLLER FAN Remote control FAN jo ki polycab ‡®ï‡©∞‡®™‡®®‡©Ä mein aap dekho gy light ...,M.S ELECTRICAL üí°üí°,24130,,5,2025-02-20T04:42:22Z,POLYCAB SMART FAN #REMOTE CONTROLLER FAN POLYCAB SMART FAN #REMOTE CONTROLLER FAN Remote control FAN jo ki polycab ‡®ï‡©∞‡®™‡®®‡©Ä mein aap dekho gy light ...
youtube,smart fan,113,https://www.youtube.com/watch?v=dBAUbd0N0cI,Make Your Ceiling Fan (or Anything Else) SMART with THIS!,"Introducing the cutting-edge Aqara T2 Dual Relay Module, your gateway to effortless automation of a wide range of electronic ...",Shane Whatley,187384,3318.0,365,2023-10-08T14:00:31Z,"Make Your Ceiling Fan (or Anything Else) SMART with THIS! Introducing the cutting-edge Aqara T2 Dual Relay Module, your gateway to effortless automation of a wide range of electronic ..."
youtube,smart fan,114,https://www.youtube.com/watch?v=ZVLV6vsoo9U,Don&#39;t buy atomberg Fan.... #shorts,,The Survival Deepak ‚Ä¢125K Views ‚Ä¢5 Min Ago,917706,,565,2023-05-12T11:02:08Z,Don&#39;t buy atomberg Fan.... #shorts 
youtube,smart fan,115,https://www.youtube.com/watch?v=arZ8JQupASM,"Coooool Breeze for Days üå¨Ô∏èüçÉüçÉüçÉüçÉüçÉLG Smart Inverter Fan Deals üòéüëåüèæ Special Offer $38,999+GCT",,Enersave Solutions,21779,171.0,1,2023-07-16T21:45:27Z,"Coooool Breeze for Days üå¨Ô∏èüçÉüçÉüçÉüçÉüçÉLG Smart Inverter Fan Deals üòéüëåüèæ Special Offer $38,999+GCT "
youtube,smart fan,116,https://www.youtube.com/watch?v=QlapLPOGPLA,Smart BLDC Ceiling Fan Designed in India Atomberg Ikano 1200mm Remote contr | Upto 65% Energy Saving,Smart BLDC Ceiling Fan Designed in India Atomberg Ikano 1200mm Remote contr | Upto 65% Energy Saving #shorts ...,TECHNO FRIEND AND REALITY,88877,922.0,32,2023-05-15T10:54:40Z,Smart BLDC Ceiling Fan Designed in India Atomberg Ikano 1200mm Remote contr | Upto 65% Energy Saving Smart BLDC Ceiling Fan Designed in India Atomberg Ikano 1200mm Remote contr | Upto 65% Energy Saving #shorts ...
youtube,smart fan,117,https://www.youtube.com/watch?v=jcJAjYDVtAo,Atomberg Renesa Enzel 1200mm | Best BLDC Ceiling Fan with Remote Control #unboxing #trending #yt,"WHY CHOOSE ATOMBERG? As the pioneers of BLDC technology in India, Atomberg offers the largest range of BLDC fans to suit ...",Dheeraj Ka Dreamland,13879,98.0,7,2025-05-14T18:35:06Z,"Atomberg Renesa Enzel 1200mm | Best BLDC Ceiling Fan with Remote Control #unboxing #trending #yt WHY CHOOSE ATOMBERG? As the pioneers of BLDC technology in India, Atomberg offers the largest range of BLDC fans to suit ..."
youtube,smart fan,118,https://www.youtube.com/watch?v=itDF8QVUfpg,Why my new smart fan was worth the hassle,The Hunter Aerodyne 52 inch smart fan makes adding a smart fan to your home about half the cost of other options. But is it better ...,Eric Welander,26087,494.0,62,2023-02-11T13:00:26Z,Why my new smart fan was worth the hassle The Hunter Aerodyne 52 inch smart fan makes adding a smart fan to your home about half the cost of other options. But is it better ...
youtube,smart fan,119,https://www.youtube.com/watch?v=70yau4lE7IA,Atomberg BLDC Ceiling fan Renesa Halo new model price and features #atombergbldcfan #renesahalofan,Atomberg BLDC Ceiling fan Renesa Halo new model price and features #atombergbldcfan #renesahalofan #Renesahalobldcfan ...,TechnicaL KishoR,7074,51.0,4,2025-06-03T09:48:38Z,Atomberg BLDC Ceiling fan Renesa Halo new model price and features #atombergbldcfan #renesahalofan Atomberg BLDC Ceiling fan Renesa Halo new model price and features #atombergbldcfan #renesahalofan #Renesahalobldcfan ...
youtube,smart fan,120,https://www.youtube.com/watch?v=9vq2MhyqOfE,Atomberg Renesa Halo 1200 mm BLDC Ceiling Fan with Remote Control &amp; LED Indicators | Midnight Black,,Vikas tech hub,26710,134.0,5,2025-03-29T10:20:35Z,Atomberg Renesa Halo 1200 mm BLDC Ceiling Fan with Remote Control &amp; LED Indicators | Midnight Black 
youtube,smart fan,121,https://www.youtube.com/watch?v=6G3GvIGteAs,Lutron Caseta Fan Control - installation and setup,"In this video, Chris shows how to install the Lutron Caseta Fan Control that replaces a normal wall switch to provide control of your ...",HandyDadTV,47535,430.0,63,2023-05-13T14:00:02Z,"Lutron Caseta Fan Control - installation and setup In this video, Chris shows how to install the Lutron Caseta Fan Control that replaces a normal wall switch to provide control of your ..."
youtube,smart fan,122,https://www.youtube.com/watch?v=AFcXyqEApms,Wahoo KICKR HEADWIND Smart Fan,https://www.wahoofitness.com/devices/bike-trainers/kickr-headwind-bluetooth-fan KICKR HEADWIND smart fan puts your workout ...,Wahoo Fitness,46922,61.0,7,2018-07-08T06:49:49Z,Wahoo KICKR HEADWIND Smart Fan https://www.wahoofitness.com/devices/bike-trainers/kickr-headwind-bluetooth-fan KICKR HEADWIND smart fan puts your workout ...
youtube,smart fan,123,https://www.youtube.com/watch?v=MeahwguP5Dg,A SMART Fan?! | DREO TurboPoly‚Ñ¢ Fan Review,"This fan really impressed me! GET ONE HERE! https://amzn.to/4iEaGj7 Use my discount code ""watt17"" for 17% off on the Dreo ...",WyattTech,5121,60.0,3,2025-05-17T13:00:44Z,"A SMART Fan?! | DREO TurboPoly‚Ñ¢ Fan Review This fan really impressed me! GET ONE HERE! https://amzn.to/4iEaGj7 Use my discount code ""watt17"" for 17% off on the Dreo ..."
youtube,smart fan,124,https://www.youtube.com/watch?v=au-7UrhDwLI,kitchen Exhaust fan Smart Gadgets üòç Antique Accessories and Appliances #kitchengadget #fanblower,,WA REVIEWS,2906247,8968.0,51,2025-05-04T07:55:40Z,kitchen Exhaust fan Smart Gadgets üòç Antique Accessories and Appliances #kitchengadget #fanblower 
youtube,smart fan,125,https://www.youtube.com/watch?v=9_O1Ehcdbyo,Product Review! Dreo Smart Ceiling Fan,DREO CLF513S Smart Ceiling Fan: https://sponsr.is/dreo_ourrestorationnation use code [10NATION] for extra $10 off on DREO ...,Our Restoration Nation,5980,268.0,24,2024-05-16T02:29:09Z,Product Review! Dreo Smart Ceiling Fan DREO CLF513S Smart Ceiling Fan: https://sponsr.is/dreo_ourrestorationnation use code [10NATION] for extra $10 off on DREO ...
youtube,smart fan,126,https://www.youtube.com/watch?v=hS-lvXHUaSA,"GAMERS, Is this the SMARTEST FAN ever? üß†üå¨ #gaming #setup #ps5  (DREO polyfan)",,CamXPetra,137863,5010.0,88,2024-04-12T11:08:36Z,"GAMERS, Is this the SMARTEST FAN ever? üß†üå¨ #gaming #setup #ps5  (DREO polyfan) "
youtube,smart fan,127,https://www.youtube.com/watch?v=W8xtolhSUnE,Atomberg Aris Starlight Fan Review: Revolutionary Energy-Saving &amp; Smart Ceiling Fan!,AtombergAris #StarlightFan #BLDCFan #EnergySaver #SmartFan #HomeAppliances #CeilingFanReview #Atomberg In this ...,Anil's tec,6704,18.0,11,2024-08-18T10:42:58Z,Atomberg Aris Starlight Fan Review: Revolutionary Energy-Saving &amp; Smart Ceiling Fan! AtombergAris #StarlightFan #BLDCFan #EnergySaver #SmartFan #HomeAppliances #CeilingFanReview #Atomberg In this ...
youtube,smart fan,128,https://www.youtube.com/watch?v=e4QG3g4EGxI,atomberg Renesa Halo ceiling fan fetting,,banjit das,17461,169.0,3,2025-06-17T08:02:59Z,atomberg Renesa Halo ceiling fan fetting 
youtube,smart fan,129,https://www.youtube.com/watch?v=TlBOdqwyujk,Crompton Energion Roverr BLDC Ceiling Fan fitting||How to install Bldc celling fan||black Matt|,Crompton Energion Roverr BLDC Ceiling Fan fitting||How to install Bldc celling fan||black Matt| ‚ö°     Sameer Electrician.,Sameer Electrician9021,17436,194.0,7,2023-11-17T18:33:23Z,Crompton Energion Roverr BLDC Ceiling Fan fitting||How to install Bldc celling fan||black Matt| Crompton Energion Roverr BLDC Ceiling Fan fitting||How to install Bldc celling fan||black Matt| ‚ö°     Sameer Electrician.
youtube,smart fan,130,https://www.youtube.com/watch?v=7F-AOtAb_3c,Venetian black ceiling fan with chandelier #ceilingfan #fan #ceilingdecoration #interiorfan #trend,,Rishitha_Interiors,1413930,7799.0,116,2024-02-19T11:51:35Z,Venetian black ceiling fan with chandelier #ceilingfan #fan #ceilingdecoration #interiorfan #trend 
youtube,smart fan,131,https://www.youtube.com/watch?v=C9q_KS7Ay60,Review the tower fan #costway #review #fans,,Costway,304384,1775.0,26,2024-03-28T16:00:08Z,Review the tower fan #costway #review #fans 
youtube,smart fan,132,https://www.youtube.com/watch?v=7IYNSIeDMLU,Turn Your Ceiling Fan Into a Smart Fan ‚Äì Here‚Äôs How!,Want to add your ceiling fan to your home automations? Well now you can with the Broadlink Smart Home Hub. PRODUCTS: ...,Steve DOES,29976,652.0,36,2022-03-19T14:40:28Z,Turn Your Ceiling Fan Into a Smart Fan ‚Äì Here‚Äôs How! Want to add your ceiling fan to your home automations? Well now you can with the Broadlink Smart Home Hub. PRODUCTS: ...
youtube,smart fan,133,https://www.youtube.com/watch?v=S3_zlx6MhFI,Atomberg Renesa Plus üî• | Smart Ceiling Fan | Built in Alexa and Remote control,"The Fan of the Future is here. Its smarter and also saves electricity Atomberg Renesa Plus with built-in alexa, remote control and ...",Tech Singh,27559,787.0,70,2021-08-10T14:34:49Z,"Atomberg Renesa Plus üî• | Smart Ceiling Fan | Built in Alexa and Remote control The Fan of the Future is here. Its smarter and also saves electricity Atomberg Renesa Plus with built-in alexa, remote control and ..."
youtube,smart fan,134,https://www.youtube.com/watch?v=92SjuZdGqoA,Superfan A1 Durability Test #fyp #viral,,Electro Demolish,10162468,81444.0,609,2022-07-20T13:27:34Z,Superfan A1 Durability Test #fyp #viral 
youtube,smart fan,135,https://www.youtube.com/watch?v=CpAQeJ3pmY4,Solama Smart Fan #fan #shorts #fansound #shortvideo #viralvideo,Solama Smart Fan #fan #shorts #fansound #shortvideo #viralvideo.,Triangle Gamer,60014,262.0,1,2025-08-26T02:20:37Z,Solama Smart Fan #fan #shorts #fansound #shortvideo #viralvideo Solama Smart Fan #fan #shorts #fansound #shortvideo #viralvideo.
youtube,smart fan,136,https://www.youtube.com/watch?v=npegALH_mzw,How to Connect &amp; Control Atomberg Fan from Your Phone,"How to Connect & Control Your Atomberg Fan from Your Phone, how to connect Atomberg smart ceiling Fan from any phone, how ...",MJ Tube,26279,83.0,3,2025-01-30T11:34:12Z,"How to Connect &amp; Control Atomberg Fan from Your Phone How to Connect & Control Your Atomberg Fan from Your Phone, how to connect Atomberg smart ceiling Fan from any phone, how ..."
youtube,smart fan,137,https://www.youtube.com/watch?v=072gmQvmzY0,5 Best Smart Ceiling Fans 2025 | Best :Ceiling Fans 2025,Links of the Products: WAC Lighting Malibu Indoor and Outdoor 3-Blade Smart Home Ceiling Fan 70in Brushed Nickel Ebony with ...,Gadget Hub,1634,11.0,0,2025-04-02T15:05:13Z,5 Best Smart Ceiling Fans 2025 | Best :Ceiling Fans 2025 Links of the Products: WAC Lighting Malibu Indoor and Outdoor 3-Blade Smart Home Ceiling Fan 70in Brushed Nickel Ebony with ...
youtube,smart fan,138,https://www.youtube.com/watch?v=zXfnfkkiVog,Xiaomi Smart Fan Pro VS. Xiaomi Smart Fan 2S | COMPARISON | MultiMind Enterprise,The Xiaomi Smart Fan 2S and Xiaomi Smart Fan Pro are unquestionably the greatest options for a portable cordless fan to use ...,MultiMind Enterprise,43648,126.0,1,2021-08-20T07:58:37Z,Xiaomi Smart Fan Pro VS. Xiaomi Smart Fan 2S | COMPARISON | MultiMind Enterprise The Xiaomi Smart Fan 2S and Xiaomi Smart Fan Pro are unquestionably the greatest options for a portable cordless fan to use ...
youtube,smart fan,139,https://www.youtube.com/watch?v=EORIkYyM5KQ,Smart Ceiling Fan ü§î #fansound‚Äã #fan‚Äã #shortvideo‚Äã #shorts‚Äã #viralvideo‚Äã,Smart Ceiling Fan #fansound #fan #shortvideo #shorts #viralvideo.,Asad vlog,111207,381.0,0,2025-08-15T16:20:47Z,Smart Ceiling Fan ü§î #fansound‚Äã #fan‚Äã #shortvideo‚Äã #shorts‚Äã #viralvideo‚Äã Smart Ceiling Fan #fansound #fan #shortvideo #shorts #viralvideo.
youtube,smart fan,140,https://www.youtube.com/watch?v=13tR6al1IkE,The Best Standing Fans To Buy In 2024,"Which fan is the best? Xiaomi Mi Fan 2, Rowenta Turbo Silence, Dyson TP00 Pure Cool, Duux Whisper, Fuave FF9020W or the ...",UNFILTERD,113742,622.0,52,2023-07-25T13:10:37Z,"The Best Standing Fans To Buy In 2024 Which fan is the best? Xiaomi Mi Fan 2, Rowenta Turbo Silence, Dyson TP00 Pure Cool, Duux Whisper, Fuave FF9020W or the ..."
youtube,smart fan,141,https://www.youtube.com/watch?v=fgNFx37iu9U,How To Install Atomberg Renesa Smart Ceiling Fan,"How To Install Atomberg Renesa Smart Ceiling Fan best ceiling fan,atomberg renesa 1200 mm,bldc ceiling fan best ceiling fan ...",TechinfoG,80165,690.0,96,2024-07-12T13:30:30Z,"How To Install Atomberg Renesa Smart Ceiling Fan How To Install Atomberg Renesa Smart Ceiling Fan best ceiling fan,atomberg renesa 1200 mm,bldc ceiling fan best ceiling fan ..."
youtube,smart fan,142,https://www.youtube.com/watch?v=kKJ-sCdJF3g,DREO SMART FAN- #smartliving #fan #summeressentials #fans #subscribe,,Dilek Yildiz ,439,2.0,0,2025-06-20T14:38:28Z,DREO SMART FAN- #smartliving #fan #summeressentials #fans #subscribe 
youtube,smart fan,143,https://www.youtube.com/watch?v=ke-24IoZBLM,Lutron Caseta Smart Fan Control Review - with HomeKit support!,"At less than $60 USD, the new Lutron Caseta Wireless Fan Control is a lot cheaper than $200+ smart fan alternatives, but is it the ...",Eric Welander,46937,423.0,49,2019-04-20T14:53:05Z,"Lutron Caseta Smart Fan Control Review - with HomeKit support! At less than $60 USD, the new Lutron Caseta Wireless Fan Control is a lot cheaper than $200+ smart fan alternatives, but is it the ..."
youtube,smart fan,144,https://www.youtube.com/watch?v=Lg_umUVvRzg,Best BLDC Smart Fan in 2024: Atomberg Renesa Smart+ || Review,BLDCFan #SmartFan #Atomberg Today I am unboxing one of the best smart BLDC ceiling fan in the market from Atomberg.,Five tag,45452,366.0,29,2024-04-07T11:30:15Z,Best BLDC Smart Fan in 2024: Atomberg Renesa Smart+ || Review BLDCFan #SmartFan #Atomberg Today I am unboxing one of the best smart BLDC ceiling fan in the market from Atomberg.
youtube,smart fan,145,https://www.youtube.com/watch?v=X-Nk1UA9qQI,We Test the Ceiling Fans üîç #ceilingfan #viralvideos #kipasmurah,"Join us as we put ceiling fans to the test! We're checking out different models, features, and performance to see which ones ...",Melvin Ruzario,138206,583.0,0,2025-08-28T08:44:36Z,"We Test the Ceiling Fans üîç #ceilingfan #viralvideos #kipasmurah Join us as we put ceiling fans to the test! We're checking out different models, features, and performance to see which ones ..."
youtube,smart fan,146,https://www.youtube.com/watch?v=zIQKPOPSKkw,Dreo CLF325S 42‚Äù Smart Ceiling Fan | Review,"A comprehensive overview of the Dreo CLF325S 42"" smart ceiling fan! Buy DREO Ceiling Fan CLF325S: https://bit.ly/4m2FtJk ...",TheSuperFanMan,2149,,12,2025-05-11T13:15:10Z,"Dreo CLF325S 42‚Äù Smart Ceiling Fan | Review A comprehensive overview of the Dreo CLF325S 42"" smart ceiling fan! Buy DREO Ceiling Fan CLF325S: https://bit.ly/4m2FtJk ..."
youtube,smart fan,147,https://www.youtube.com/watch?v=LSiLHPrrmDk,Smart Ceiling Fan (Dayton) - Set Up and User Guide | Smart Home Made Easy,00:00 ‚Äì INTRODUCTION 00:11 ‚Äì WHAT'S IN THE BOX 00:32 ‚Äì INSTALLATION 04:26 ‚Äì APP SET UP 05:05 ‚Äì FEATURES Smart ...,Globe Electric,16290,102.0,42,2024-08-30T15:44:21Z,Smart Ceiling Fan (Dayton) - Set Up and User Guide | Smart Home Made Easy 00:00 ‚Äì INTRODUCTION 00:11 ‚Äì WHAT'S IN THE BOX 00:32 ‚Äì INSTALLATION 04:26 ‚Äì APP SET UP 05:05 ‚Äì FEATURES Smart ...
youtube,smart fan,148,https://www.youtube.com/watch?v=DGZ5Fx7PrZ8,REVIEW: Smart Ceiling Fan w/ LEDs by LUDOMIDE | Low Profile Flush Mount | 10 Minute Install,"Review of this ceiling fan light combo from Ludomine. LUDOMIDE Ceiling Fans with Lights and Remote, 20'' Low Profile Flush ...",Hardy Brothers Product Reviews,63230,401.0,83,2023-08-21T12:08:02Z,"REVIEW: Smart Ceiling Fan w/ LEDs by LUDOMIDE | Low Profile Flush Mount | 10 Minute Install Review of this ceiling fan light combo from Ludomine. LUDOMIDE Ceiling Fans with Lights and Remote, 20'' Low Profile Flush ..."
youtube,smart fan,149,https://www.youtube.com/watch?v=nH_d9RTOzpA,"Which one is the Best Fan? Dyson vs Dreo Tower, TurboPoly fan, and Lasko",Dreo Turbo Polyfan 513 - https://bit.ly/4kilp3Y Amazon - https://amzn.to/4koKOJi Dreo 519S Tower Fan: https://amzn.to/4jmsiRM ...,Ryan Ho,10025,61.0,12,2025-05-20T01:00:54Z,"Which one is the Best Fan? Dyson vs Dreo Tower, TurboPoly fan, and Lasko Dreo Turbo Polyfan 513 - https://bit.ly/4kilp3Y Amazon - https://amzn.to/4koKOJi Dreo 519S Tower Fan: https://amzn.to/4jmsiRM ..."
youtube,smart fan,150,https://www.youtube.com/watch?v=HrxBdX6OOP4,Transform Your Sleep with the Dreo Smart Fan&#39;s Power &amp; Silence,"Check out the price on Amazon (paid link): https://geni.us/2gECpDQ As an Amazon Influencer and Associate, I earn from ...",Cameron Alder Jade,4835,44.0,1,2025-04-04T17:44:14Z,"Transform Your Sleep with the Dreo Smart Fan&#39;s Power &amp; Silence Check out the price on Amazon (paid link): https://geni.us/2gECpDQ As an Amazon Influencer and Associate, I earn from ..."
youtube,smart fan,151,https://www.youtube.com/watch?v=r6f3pmaRp74,Touch Switch Board For Control Home Lighting And Fan,"Hear Is Smart Touch Switch Board For Control Home Lighting And Fan You Can Also Control By Remote , And Voice Control By ...",VAIBHAV PATEL,716389,8960.0,36,2021-05-18T06:38:49Z,"Touch Switch Board For Control Home Lighting And Fan Hear Is Smart Touch Switch Board For Control Home Lighting And Fan You Can Also Control By Remote , And Voice Control By ..."
youtube,smart fan,152,https://www.youtube.com/watch?v=3mmmAKjFmqI,Smart Ceiling Fan With LED Magic You Need To See! (Lumary Smart Fan Install and Review),lumary #smartceilingfan #smartlights Today I'm installing and reviewing this NEW App and voice controlled Smart Ceiling Fan ...,Tinker Forward,808,13.0,3,2025-07-28T02:32:34Z,Smart Ceiling Fan With LED Magic You Need To See! (Lumary Smart Fan Install and Review) lumary #smartceilingfan #smartlights Today I'm installing and reviewing this NEW App and voice controlled Smart Ceiling Fan ...
youtube,smart fan,153,https://www.youtube.com/watch?v=OrdkQcoUL2Q,Make a Pull Chain Fan 1000% Smarter with this Light Switch,"An older pull chain fan doesn't have to be ‚Äúdumb.‚Äù This smart switch from Treatlife lets you automate a pull chain fan and light, ...",Smart Home Solver,100488,1539.0,182,2020-08-08T17:33:30Z,"Make a Pull Chain Fan 1000% Smarter with this Light Switch An older pull chain fan doesn't have to be ‚Äúdumb.‚Äù This smart switch from Treatlife lets you automate a pull chain fan and light, ..."
youtube,smart fan,154,https://www.youtube.com/watch?v=nqoUggyh5OE,Best BLDC Smart celling fan in 2025 l energy saving #5star #atomberg #cellingfan #unboxing #bldcfan,atombergfan #renesa #technical #unboxing #trending #top5 #smartfan.,Inside Subhajit,1500,11.0,1,2025-07-03T16:33:15Z,Best BLDC Smart celling fan in 2025 l energy saving #5star #atomberg #cellingfan #unboxing #bldcfan atombergfan #renesa #technical #unboxing #trending #top5 #smartfan.
youtube,smart fan,155,https://www.youtube.com/watch?v=3stbZM-lG38,Best Smart Fan Installation | Atomberg Studio Smart + #shortsyoutube #ytshort,Best Smart Fan Installation | Atomberg Studio Smart + #shortsyoutube #ytshort.,Tech With Shakir,26540,257.0,2,2023-06-23T06:30:03Z,Best Smart Fan Installation | Atomberg Studio Smart + #shortsyoutube #ytshort Best Smart Fan Installation | Atomberg Studio Smart + #shortsyoutube #ytshort.
youtube,smart fan,156,https://www.youtube.com/watch?v=YOSiMSqT8Ic,Smart fan: toy fans üêº #kipasmurah #ceilingfan,"Get ready for a whirlwind tour of the craziest ceiling fans on the market! In this video, we'll review the most unique, stylish, ...",Melvin Ruzario,45364,140.0,0,2025-08-08T17:53:49Z,"Smart fan: toy fans üêº #kipasmurah #ceilingfan Get ready for a whirlwind tour of the craziest ceiling fans on the market! In this video, we'll review the most unique, stylish, ..."
youtube,smart fan,157,https://www.youtube.com/watch?v=rX7lkKdowbU,üåÄ Best BLDC Ceiling Fan in India 2024 | Atomberg vs Havells vs Crompton vs Orient - Top Picks!,Upgrade your home with our comprehensive review of the Best BLDC Ceiling Fans in India for 2024! We compare leading brands ...,Brand Investigation,280272,2465.0,112,2024-02-28T14:30:19Z,üåÄ Best BLDC Ceiling Fan in India 2024 | Atomberg vs Havells vs Crompton vs Orient - Top Picks! Upgrade your home with our comprehensive review of the Best BLDC Ceiling Fans in India for 2024! We compare leading brands ...
youtube,smart fan,158,https://www.youtube.com/watch?v=0NjLIU5WdCA,DREO TURBOPOLY Fan 513S - Smart Pedestal Fan  - Review &amp; App Guide,This is the best Cooling Fan we have tested ever and I explain why. It has the most advanced tower fans on the market with smart ...,The French Glow,23494,228.0,33,2023-05-26T14:56:45Z,DREO TURBOPOLY Fan 513S - Smart Pedestal Fan  - Review &amp; App Guide This is the best Cooling Fan we have tested ever and I explain why. It has the most advanced tower fans on the market with smart ...
youtube,smart fan,159,https://www.youtube.com/watch?v=tOTK6DQ2KJA,GoveeLife 36 Inch Tower Fan Review - Smart Cooling for Your Home!,"Experience powerful and efficient cooling with the GoveeLife Tower Fan, featuring Wi-Fi and voice control, customizable settings, ...",Reviews and How To's!,3674,34.0,5,2024-06-05T21:20:14Z,"GoveeLife 36 Inch Tower Fan Review - Smart Cooling for Your Home! Experience powerful and efficient cooling with the GoveeLife Tower Fan, featuring Wi-Fi and voice control, customizable settings, ..."
youtube,smart fan,160,https://www.youtube.com/watch?v=CoQ3pE9wrPU,Atomberg Renesa 1400mm BLDC Fan Review #bldcfan #atombergbldc,orient fan 1400mm - https://amzn.to/3SvhYLB atomberg fan - https://amzn.to/3FnBg2B activa gracia fan -https://amzn.to/3FCO0T1 ...,Bokoso Shopping,22469,41.0,6,2025-03-30T18:05:00Z,Atomberg Renesa 1400mm BLDC Fan Review #bldcfan #atombergbldc orient fan 1400mm - https://amzn.to/3SvhYLB atomberg fan - https://amzn.to/3FnBg2B activa gracia fan -https://amzn.to/3FCO0T1 ...
youtube,smart fan,161,https://www.youtube.com/watch?v=x-hGuT5Gny0,Save upto 50% Electricity with this smart ceiling Aerosense BLDC Pro fan,Amazon Link: https://amzn.to/4j82wQP Website Link: http://bit.ly/3QRYkZj This is not just a regular ceiling fan! The Orient ...,Mr Techpedia,93992,3386.0,62,2025-04-03T13:01:33Z,Save upto 50% Electricity with this smart ceiling Aerosense BLDC Pro fan Amazon Link: https://amzn.to/4j82wQP Website Link: http://bit.ly/3QRYkZj This is not just a regular ceiling fan! The Orient ...
youtube,smart fan,162,https://www.youtube.com/watch?v=SDpMLIFxUZU,This Smart Fan Saved Me $200 Bro üåÄüß†,"In this teaser for my full Bionaire digital window fan review, I do an unboxing, setup, and quick hands-on of my favorite smart fan.",Tec Timmy,1917,23.0,3,2025-05-08T20:45:04Z,"This Smart Fan Saved Me $200 Bro üåÄüß† In this teaser for my full Bionaire digital window fan review, I do an unboxing, setup, and quick hands-on of my favorite smart fan."
youtube,smart fan,163,https://www.youtube.com/watch?v=2Y4kaHRWjUE,5 Best Smart Ceiling Fans 2025 | Best Ceiling Fans 2025,5 Best Smart Ceiling Fans 2025 | Best Ceiling Fans 2025 00:00 - Introduction 00:54 - 1. DREO CLF712S ...,TechTrends,14941,85.0,3,2024-11-21T08:04:29Z,5 Best Smart Ceiling Fans 2025 | Best Ceiling Fans 2025 5 Best Smart Ceiling Fans 2025 | Best Ceiling Fans 2025 00:00 - Introduction 00:54 - 1. DREO CLF712S ...
youtube,smart fan,164,https://www.youtube.com/watch?v=TiMWfpmh1DQ,Atomberg Renesa+ 1400 mm BLDC Smart Ceiling Fan | REVIEW and UNBOXING |,LedFan #CeilingFan #Trending Product Link : https://amzn.to/3EoLonn Hello Friends I'm back with another review video.,Rachel Subarno,47566,233.0,50,2023-07-01T10:00:31Z,Atomberg Renesa+ 1400 mm BLDC Smart Ceiling Fan | REVIEW and UNBOXING | LedFan #CeilingFan #Trending Product Link : https://amzn.to/3EoLonn Hello Friends I'm back with another review video.
youtube,smart fan,165,https://www.youtube.com/watch?v=SC5Eey5UAdc,Lumary B1 Smart Ceiling Fan with RGB Lights - How to Install a Low Profile Ceiling Fan,Lumary B1 Smart Ceiling Fan with RGB Lights - How to Install a Low Profile Ceiling Fan Product Links: Lumary B1 RGB Ceiling ...,TheRenderQ,562,9.0,0,2025-07-20T10:00:50Z,Lumary B1 Smart Ceiling Fan with RGB Lights - How to Install a Low Profile Ceiling Fan Lumary B1 Smart Ceiling Fan with RGB Lights - How to Install a Low Profile Ceiling Fan Product Links: Lumary B1 RGB Ceiling ...
youtube,smart fan,166,https://www.youtube.com/watch?v=hEktNvTkJ40,Kensgrove II Hubspace‚Ñ¢ Smart Home Ceiling Fan Installation Guide,The Kensgrove II is a modern style ceiling fan with a color changing light and Hubspace‚Ñ¢ Smart Home Support. This video will ...,TAL Ceiling Fans,21273,131.0,23,2023-04-24T16:57:29Z,Kensgrove II Hubspace‚Ñ¢ Smart Home Ceiling Fan Installation Guide The Kensgrove II is a modern style ceiling fan with a color changing light and Hubspace‚Ñ¢ Smart Home Support. This video will ...
youtube,smart fan,167,https://www.youtube.com/watch?v=WWrvegIThDY,This Xiaomi Tower Fan is SMART and is priced at just $80!,"The Xiaomi Mijia Smart tower fan is a first for the company and utilises a brushless fan. This brand new, smart and wifi enabled ...",Martijn Wester,155950,1188.0,117,2020-08-02T12:00:08Z,"This Xiaomi Tower Fan is SMART and is priced at just $80! The Xiaomi Mijia Smart tower fan is a first for the company and utilises a brushless fan. This brand new, smart and wifi enabled ..."
youtube,smart fan,168,https://www.youtube.com/watch?v=xNyEhNhfpO4,"AC, DC, Bldc Conversion Kit For Old Ceiling Fan, #bldckit #bldckitinstall #shorts","AC, DC, Bldc Conversion Kit For Old Ceiling Fan, How to Install BLDC Conversion Kit !! convert Old ceiling fan to BLDC fan ...",Call The Technician,26142,231.0,7,2025-03-14T15:30:32Z,"AC, DC, Bldc Conversion Kit For Old Ceiling Fan, #bldckit #bldckitinstall #shorts AC, DC, Bldc Conversion Kit For Old Ceiling Fan, How to Install BLDC Conversion Kit !! convert Old ceiling fan to BLDC fan ..."
youtube,smart fan,169,https://www.youtube.com/watch?v=fI3Pluqx7Bk,Amonics Smart WiFi Fan Controller | Alexa &amp; Google Home Enabled | Speed Control &amp; Remote Access,Transform your regular ceiling fan into a smart fan with the Amonics Smart WiFi Fan Controller. ‚ú® Key Features: ‚Ä¢ Control fan ...,Amonics,26,1.0,0,2025-08-25T12:50:43Z,Amonics Smart WiFi Fan Controller | Alexa &amp; Google Home Enabled | Speed Control &amp; Remote Access Transform your regular ceiling fan into a smart fan with the Amonics Smart WiFi Fan Controller. ‚ú® Key Features: ‚Ä¢ Control fan ...
youtube,smart fan,170,https://www.youtube.com/watch?v=3mks6BoreDM,Crompton Blossom Smart Fan,,Crompton Greaves Consumer Electricals,55575,337.0,30,2022-06-09T09:16:02Z,Crompton Blossom Smart Fan 
youtube,smart fan,171,https://www.youtube.com/watch?v=Qrm_X6eNcVU,"Haiku L Series Smart Fan Review: &quot;Alexa, turn on the fan&quot;",Haiku L Series smart fan review: https://smarthomesolver.com/reviews/haiku-l-series-fan-review/ See the fan: http://shrsl.com/jkvg ...,Smart Home Solver,60692,385.0,44,2017-08-29T19:35:18Z,"Haiku L Series Smart Fan Review: &quot;Alexa, turn on the fan&quot; Haiku L Series smart fan review: https://smarthomesolver.com/reviews/haiku-l-series-fan-review/ See the fan: http://shrsl.com/jkvg ..."
youtube,smart fan,172,https://www.youtube.com/watch?v=DFPYwwbGf28,This Fan Has Solved All the Smart Fan Problems,The new SIMPLEconnect Fan from Hunter can do it all! Stay cool this year with the perfect fan for your home. SimpleConnect Fan: ...,Tech With Brett,86041,1047.0,96,2022-02-23T13:45:17Z,This Fan Has Solved All the Smart Fan Problems The new SIMPLEconnect Fan from Hunter can do it all! Stay cool this year with the perfect fan for your home. SimpleConnect Fan: ...
youtube,smart fan,173,https://www.youtube.com/watch?v=BWTPg5GqxsA,HUNTER FAN FOR YOUR SMART HOME! Add into Scenes &amp; Automations,I'm so excited to finally add a Hunter Fan to my Homekit Smart Home. Hunter Fan Company has been providing quality fans for ...,The Brad Lloyd,49839,603.0,104,2022-03-06T15:00:10Z,HUNTER FAN FOR YOUR SMART HOME! Add into Scenes &amp; Automations I'm so excited to finally add a Hunter Fan to my Homekit Smart Home. Hunter Fan Company has been providing quality fans for ...
youtube,smart fan,174,https://www.youtube.com/watch?v=Y4jJJD36Hbs,Smart ceiling fan installation,,ceiling fan,25058,96.0,11,2023-06-17T01:49:15Z,Smart ceiling fan installation 
youtube,smart fan,175,https://www.youtube.com/watch?v=ixExmWi8faA,Xiaomi Smart Fan 2 Lite VS. Xiaomi Smart Fan 1X Inverter | COMPARISON | MultiMind Enterprise,Cool down in a relaxing and comfortable temperature with our Xiaomi Mi Smart Standing Fans. Check out the similarities and ...,MultiMind Enterprise,36314,80.0,6,2021-08-18T08:35:05Z,Xiaomi Smart Fan 2 Lite VS. Xiaomi Smart Fan 1X Inverter | COMPARISON | MultiMind Enterprise Cool down in a relaxing and comfortable temperature with our Xiaomi Mi Smart Standing Fans. Check out the similarities and ...
youtube,smart fan,176,https://www.youtube.com/watch?v=0Zgovj4RXsQ,The All New BLDC Atomberg Smart Studio Plus Fan with Alexa Voice Control üî•,"AtomBerg Smart Studio Plus BLDC smart fan with remote control, App support, and Alexa, and Google Assistant support.",Tech Singh,26302,182.0,24,2024-02-27T06:30:15Z,"The All New BLDC Atomberg Smart Studio Plus Fan with Alexa Voice Control üî• AtomBerg Smart Studio Plus BLDC smart fan with remote control, App support, and Alexa, and Google Assistant support."
youtube,smart fan,177,https://www.youtube.com/watch?v=ugAwIqv6kgk,Best *Smart BLDC Ceiling Fan* in 2025 ka best fan Atomberg Aris Contour Review!,,S_k_e_electrical367,15502,121.0,14,2025-02-24T16:03:39Z,Best *Smart BLDC Ceiling Fan* in 2025 ka best fan Atomberg Aris Contour Review! 
youtube,smart fan,178,https://www.youtube.com/watch?v=s7bhc8Pm9bk,How To Make a Dumb Ceiling Fan Smart | Work with Alexa ‚ò¢üí®,Want to know how to make a dumb ceiling fan smart? Then this video is for you! If you have a dumb ceiling fan that you don't know ...,Tec Timmy,5715,16.0,0,2023-06-04T13:48:33Z,How To Make a Dumb Ceiling Fan Smart | Work with Alexa ‚ò¢üí® Want to know how to make a dumb ceiling fan smart? Then this video is for you! If you have a dumb ceiling fan that you don't know ...
youtube,smart fan,179,https://www.youtube.com/watch?v=FVBPuz5fwSA,atomberg Renesa Prime 1200mm BLDC Ceiling Fan with Remote Control || Load Testing || RPM Testing,Amazon Buying Link- https://amzn.to/42oUsWI Contact Us: tanusuperstar786@gmail.com What's App Only +919027815968 ...,Tanu Superstar,70511,566.0,77,2025-01-26T02:30:09Z,atomberg Renesa Prime 1200mm BLDC Ceiling Fan with Remote Control || Load Testing || RPM Testing Amazon Buying Link- https://amzn.to/42oUsWI Contact Us: tanusuperstar786@gmail.com What's App Only +919027815968 ...
youtube,smart fan,180,https://www.youtube.com/watch?v=4Eid23dyVEY,"Xiaomi Mi Smart Standing Fan 2 Unboxing, Setup and Quick Look!","I bought the Xiaomi Mi Smart Standing Fan 2 from Takealot, to replace my loud non-smart fan. Watch to see an unboxing, setup ...",Cape Town Guy,91817,537.0,135,2023-09-12T13:58:55Z,"Xiaomi Mi Smart Standing Fan 2 Unboxing, Setup and Quick Look! I bought the Xiaomi Mi Smart Standing Fan 2 from Takealot, to replace my loud non-smart fan. Watch to see an unboxing, setup ..."
youtube,smart fan,181,https://www.youtube.com/watch?v=K0oqu6KAbn4,Smart Ceiling Fan (Bellmore) - Set Up and User Guide | Smart Home Made Easy,00:00 ‚Äì INTRODUCTION 00:06 ‚Äì WHAT'S IN THE BOX 00:30 ‚Äì INSTALLATION 05:18 ‚Äì APP SET UP 05:54 ‚Äì FEATURES Smart ...,Globe Electric,544,1.0,0,2025-03-27T17:54:46Z,Smart Ceiling Fan (Bellmore) - Set Up and User Guide | Smart Home Made Easy 00:00 ‚Äì INTRODUCTION 00:06 ‚Äì WHAT'S IN THE BOX 00:30 ‚Äì INSTALLATION 05:18 ‚Äì APP SET UP 05:54 ‚Äì FEATURES Smart ...
youtube,smart fan,182,https://www.youtube.com/watch?v=FJV50DnoSWk,"The Ultra-Quiet, Oscillating Dreo Smart Fan Review",Transform Your Sleep: Dreo Smart Fan's 25dB Whisper-Quiet Magic Unveiled The Tools Guys DREO Air Circulator Fan CF714S: ...,How To Guy,2956,27.0,9,2024-06-19T14:13:56Z,"The Ultra-Quiet, Oscillating Dreo Smart Fan Review Transform Your Sleep: Dreo Smart Fan's 25dB Whisper-Quiet Magic Unveiled The Tools Guys DREO Air Circulator Fan CF714S: ..."
youtube,smart fan,183,https://www.youtube.com/watch?v=sjznz_xSaQU,#atomberg aris contour smart #fan bldc 1200#electrician,,Amit Electrician,3505,35.0,3,2025-05-07T05:06:45Z,#atomberg aris contour smart #fan bldc 1200#electrician 
youtube,smart fan,184,https://www.youtube.com/watch?v=OUW51KsAMdQ,Polycab Silencio Mini DLX - Smart Fan for Small Spaces | Product Video | Super ROI Fans,Experience powerful performance in a compact design with Polycab Silencio Mini DLX. Enjoy seamless control with the advanced ...,Polycab India Limited,967,7.0,0,2025-05-29T06:04:45Z,Polycab Silencio Mini DLX - Smart Fan for Small Spaces | Product Video | Super ROI Fans Experience powerful performance in a compact design with Polycab Silencio Mini DLX. Enjoy seamless control with the advanced ...
youtube,smart fan,185,https://www.youtube.com/watch?v=udfVLKDZs0c,"Blauberg Smart fan: complete mounting, connection and setup review",The Blauberg Smart fan is a smart ventilation generation domestic exhaust fan. It is featured with low-noise and high-efficient ...,Blauberg Ventilatoren Global,24434,35.0,3,2017-05-05T07:52:22Z,"Blauberg Smart fan: complete mounting, connection and setup review The Blauberg Smart fan is a smart ventilation generation domestic exhaust fan. It is featured with low-noise and high-efficient ..."
youtube,smart fan,186,https://www.youtube.com/watch?v=zoJRIKAvfeI,Top 5 Ceiling Fan in India 2025 üî• Best Ceiling Fan Under 1500 üî• Budget Fans üî• Mr Known,Bajaj Frore https://amzn.to/4aJIwkx ‚úìCrompton SUREBREEZE https://amzn.to/3Q3BGwu ‚úìOrient Electric Apex ...,MR KNOWN,186222,1415.0,59,2025-02-12T15:00:01Z,Top 5 Ceiling Fan in India 2025 üî• Best Ceiling Fan Under 1500 üî• Budget Fans üî• Mr Known Bajaj Frore https://amzn.to/4aJIwkx ‚úìCrompton SUREBREEZE https://amzn.to/3Q3BGwu ‚úìOrient Electric Apex ...
youtube,smart fan,187,https://www.youtube.com/watch?v=i7wV0hOW-Ec,SMART DC FAN / MINI TABLE FAN / 4V BATTERY FAN #shorts,SMART DC FAN / MINI TABLE FAN / 4V BATTERY FAN #shorts @creativetechproject #dcfan #minitablefane #batteryfan ...,Creative Tech Project ,13508,113.0,8,2023-07-09T07:47:32Z,SMART DC FAN / MINI TABLE FAN / 4V BATTERY FAN #shorts SMART DC FAN / MINI TABLE FAN / 4V BATTERY FAN #shorts @creativetechproject #dcfan #minitablefane #batteryfan ...
youtube,smart fan,188,https://www.youtube.com/watch?v=nuCRyp8XKOM,Atomberg Renesa Elite smart fan Unboxing Review #HowtoBypass regulator #atomberg #renesaelite,Atomberg Renesa Elite smart fan Unboxing Review Installation UNIQUE SLEEK DESIGN: Atomberg Renesa Elite has a sleek and ...,Mr The unboxerüêæ,5431,44.0,16,2025-03-16T11:06:54Z,Atomberg Renesa Elite smart fan Unboxing Review #HowtoBypass regulator #atomberg #renesaelite Atomberg Renesa Elite smart fan Unboxing Review Installation UNIQUE SLEEK DESIGN: Atomberg Renesa Elite has a sleek and ...
youtube,smart fan,189,https://www.youtube.com/watch?v=AuI5P4EHH3E,SMART CEILING FAN WITH LIGHT | XBATE SMART CEILING FAN WITH 3 COLOURS LED REMOTE CONTROLLED,SMART CEILING FAN WITH LIGHT | XBATE SMART CEILING FAN WITH 3 COLOURS LED REMOTE CONTROLLED In this video ...,Techno Ocean,1123,3.0,0,2025-07-10T21:00:06Z,SMART CEILING FAN WITH LIGHT | XBATE SMART CEILING FAN WITH 3 COLOURS LED REMOTE CONTROLLED SMART CEILING FAN WITH LIGHT | XBATE SMART CEILING FAN WITH 3 COLOURS LED REMOTE CONTROLLED In this video ...
youtube,smart fan,190,https://www.youtube.com/watch?v=per3z_V5GWQ,Dreo CLF712S 52‚Äù Smart Ceiling Fan | Review,"A comprehensive overview of the Dreo CLF712S 52"" smart ceiling fan! Dreo CLF712S: Amazon US: White: ...",TheSuperFanMan,6587,70.0,32,2024-09-08T13:15:04Z,"Dreo CLF712S 52‚Äù Smart Ceiling Fan | Review A comprehensive overview of the Dreo CLF712S 52"" smart ceiling fan! Dreo CLF712S: Amazon US: White: ..."
youtube,smart fan,191,https://www.youtube.com/watch?v=hcXybV96F9A,DREO TurboPoly 508S Review ‚Äì Is This the Ultimate Smart Fan for Summer?,DREO TurboPoly Fan 508S: https://bit.ly/42jv3NL Code Tech17 for 17% off #DREO #DREOFan. Don't miss out on this amazing ...,TechMagnet,43250,1280.0,54,2025-04-20T19:14:01Z,DREO TurboPoly 508S Review ‚Äì Is This the Ultimate Smart Fan for Summer? DREO TurboPoly Fan 508S: https://bit.ly/42jv3NL Code Tech17 for 17% off #DREO #DREOFan. Don't miss out on this amazing ...
youtube,smart fan,192,https://www.youtube.com/watch?v=hYDD-jGwkS8,Duux Whisper Fan &amp; Flex Ultimate (2022 models) Review,"Duux has released new models, watch updated video here: https://youtu.be/tGkLJQ9mdwQ The 2022 models of the Duux Whisper ...",UNFILTERD,59481,374.0,109,2022-07-03T06:58:17Z,"Duux Whisper Fan &amp; Flex Ultimate (2022 models) Review Duux has released new models, watch updated video here: https://youtu.be/tGkLJQ9mdwQ The 2022 models of the Duux Whisper ..."
youtube,smart fan,193,https://www.youtube.com/watch?v=a5RWd1Lbock,"Stay Cool, Save Power ‚Äì Choose Hozon BLDC Fan for Smart, Silent Comfort! #shorts #shortsfeed",Hozon BLDC Fans deliver superior airflow while consuming up to 65% less electricity than conventional fans. Featuring brushless ...,Hozon Tech Innovation Pvt Ltd,1047,4.0,0,2025-08-25T13:56:34Z,"Stay Cool, Save Power ‚Äì Choose Hozon BLDC Fan for Smart, Silent Comfort! #shorts #shortsfeed Hozon BLDC Fans deliver superior airflow while consuming up to 65% less electricity than conventional fans. Featuring brushless ..."
youtube,smart fan,194,https://www.youtube.com/watch?v=fsmnIXq5yTQ,"Xiaomi Mi Fan 2 Lite (1C) Setup, Google Home and Noise Test",The Xiaomi Mi Fan 2 Lite (Also known as 1C) is a budget friendly smart ventilator fan which can connect to Google ...,Andi Palmer,60314,214.0,51,2023-06-01T16:15:02Z,"Xiaomi Mi Fan 2 Lite (1C) Setup, Google Home and Noise Test The Xiaomi Mi Fan 2 Lite (Also known as 1C) is a budget friendly smart ventilator fan which can connect to Google ..."
youtube,smart fan,195,https://www.youtube.com/watch?v=OKHLVkY_bZY,Smart BLDC Fan | V-Guard Insight G Ceiling Fan: Perfect Combo of Aesthetics &amp; Functionality,V-Guard Insight G smart fan is the latest and greatest ceiling fan packed with lots of features and comes in various colors to add to ...,Disha Mishra Dubey,20744,95.0,25,2023-12-18T12:43:25Z,Smart BLDC Fan | V-Guard Insight G Ceiling Fan: Perfect Combo of Aesthetics &amp; Functionality V-Guard Insight G smart fan is the latest and greatest ceiling fan packed with lots of features and comes in various colors to add to ...
youtube,smart fan,196,https://www.youtube.com/watch?v=h8pMoIxiIcg,How to connect Atomberg Renesa Smart+ Ceiling Fan to alexa echo dot ? [TUTORIAL],"after watching this video, you can easily connect Atomberg Renesa Smart+ Ceiling Fan to your alexa echo dot. #alexa #Atomberg ...",Pushpraj Yadav,45686,264.0,48,2022-10-10T07:30:08Z,"How to connect Atomberg Renesa Smart+ Ceiling Fan to alexa echo dot ? [TUTORIAL] after watching this video, you can easily connect Atomberg Renesa Smart+ Ceiling Fan to your alexa echo dot. #alexa #Atomberg ..."
youtube,smart fan,197,https://www.youtube.com/watch?v=O9EIFUMljis,Atomberg Renesa Prime ! Smart BLDC fan with Remote control &amp; Led Light #atombergfan #bldcfan #review,cheap & best bldc fan with low. power consumption only 26 watt with 1200 mm sweep.,My Smart Support ,259948,2539.0,25,2025-03-25T12:03:57Z,Atomberg Renesa Prime ! Smart BLDC fan with Remote control &amp; Led Light #atombergfan #bldcfan #review cheap & best bldc fan with low. power consumption only 26 watt with 1200 mm sweep.
youtube,smart fan,198,https://www.youtube.com/watch?v=PJBcWcjDqHA,SMART CEILING FAN: Google Assistant + Alexa + Remote | Atomberg Renesa Unboxing With Setup Smart Fan,Today in This iT Creators YouTube Video You Can Watch and Enjoy - SMART CEILING FAN: Google Assistant + Alexa + Remote ...,iT Creators,93832,1156.0,71,2021-05-26T03:43:19Z,SMART CEILING FAN: Google Assistant + Alexa + Remote | Atomberg Renesa Unboxing With Setup Smart Fan Today in This iT Creators YouTube Video You Can Watch and Enjoy - SMART CEILING FAN: Google Assistant + Alexa + Remote ...
youtube,smart fan,199,https://www.youtube.com/watch?v=fys2qMEZjWg,LG Ceiling Fans ‚Äì A Selection of Masterpieces,Feel comfortable at home even during the scorching summer season with the LG Smart Ceiling fans featuring Dual Wings and ...,LG India,664432,7124.0,231,2019-05-29T05:51:50Z,LG Ceiling Fans ‚Äì A Selection of Masterpieces Feel comfortable at home even during the scorching summer season with the LG Smart Ceiling fans featuring Dual Wings and ...
youtube,smart fan,200,https://www.youtube.com/watch?v=wZP1LErPKr0,"Havells Epic Signia BLDC+ Fan | Smart, Silent &amp; Stylish Ceiling Fan for Modern Homes","Where form meets function, the Havells Epic Signia BLDC+ Fan blends seamlessly into any space with its sleek design, LED ...",Havells India,1585,28.0,0,2025-08-06T05:19:26Z,"Havells Epic Signia BLDC+ Fan | Smart, Silent &amp; Stylish Ceiling Fan for Modern Homes Where form meets function, the Havells Epic Signia BLDC+ Fan blends seamlessly into any space with its sleek design, LED ..."
